Riot Games Name,Riot Games Tag Line,Summoner Level,Summoner Points,Summoner Wins,Summoner Losses,Is Veteran?,Is Inactive?,Is Fresh Blood?,Is Hot Streak?,Summoner Tier
Victorious,HLG,762,602,122,87,False,False,True,False,Challenger
mikej,VN2,221,703,231,185,False,False,True,False,Challenger
Duy Pingboda,9999,27,704,122,83,False,False,True,False,Challenger
Top1GamingTopTop,6789,1,613,115,81,False,False,True,False,Challenger
kobisao,VN2,380,540,82,45,False,False,True,False,Challenger
Tôn Hiền,VN1,234,889,104,67,False,False,True,False,Challenger
Better version,1708,40,1016,243,204,False,False,True,True,Challenger
ThomasK21700,21700,1,954,137,100,False,False,False,True,Challenger
Vô Ám Giả,1982,2,533,115,85,False,False,True,True,Challenger
HP AnhTu,2413,444,560,119,91,False,False,True,False,Challenger
1211112444444444,111,2,843,192,148,True,False,False,False,Challenger
BAP,2606,75,541,141,107,False,False,False,True,Challenger
rerollkingcamile,VN2,4,686,197,146,False,False,False,False,Challenger
ĐịnhMệnhĐêmVề,VN2,8,1051,221,173,False,False,False,True,Challenger
WASP,1712,262,916,112,62,False,False,False,True,Challenger
Dizzyland,oggyz,142,1279,163,98,True,False,False,False,Challenger
20112001,1995,47,528,144,130,False,False,True,True,Challenger
Just1MoreT1me,0310,17,879,145,111,False,False,True,False,Challenger
Mirius,2002,684,557,146,124,False,False,True,True,Challenger
Long Bến Tre,0910,611,540,188,157,False,False,False,False,Challenger
Bluewhale1,11223,196,695,144,115,False,False,True,True,Challenger
H97,VIP,426,867,212,169,True,False,False,False,Challenger
293,2936,61,622,161,124,False,False,True,False,Challenger
GK A Mạnh Đen,GK20,22,631,210,183,False,False,False,False,Challenger
WrongTimes,Kag1,690,638,138,104,False,False,False,False,Challenger
TFA Chunji ,VN2,363,1018,233,172,True,False,False,True,Challenger
stevetan,2199,315,721,115,56,False,False,True,False,Challenger
nolia Silver,VN2,87,772,222,162,True,False,False,False,Challenger
0093,VN1,115,536,123,76,False,False,True,False,Challenger
Em Linh Tới Chơi,2107,369,518,116,73,False,False,True,False,Challenger
Nhân Phẩm Cộng1,13219,252,557,132,103,False,False,True,True,Challenger
Darlingsz,0512,30,682,139,93,False,False,True,False,Challenger
Zevk3,LOL,7,772,164,125,False,False,False,False,Challenger
drampe,nbs,504,837,136,77,False,False,False,False,Challenger
DucKoi Flexible,MDuc,281,547,119,67,False,False,True,True,Challenger
Ếch xô đi xa,VN2,32,538,91,62,False,False,True,False,Challenger
HLG Dekisugi,20802,125,601,157,123,False,False,False,False,Challenger
ng gã dùng,2510,253,702,94,62,False,False,False,False,Challenger
NG TVD,TVD,69,1002,189,145,False,False,False,False,Challenger
Tần Vấn Thiên,VN2,518,608,222,178,False,False,True,True,Challenger
asduong,1112,348,583,165,123,False,False,True,False,Challenger
1210199612101996,19966,10,724,191,139,False,False,True,True,Challenger
T1 Conal,6868,349,565,150,101,False,False,True,True,Challenger
Nam Cung Uyển,1405,368,566,188,151,False,False,True,False,Challenger
Rebirth,HANM,364,785,284,262,False,False,True,False,Challenger
Bvfyeuem,143,238,546,142,110,False,False,True,True,Challenger
dtcl2610,2610,1,528,79,39,False,False,True,False,Challenger
NG Nhật Khánh,2003,15,537,176,139,False,False,False,False,Challenger
AMFMinhy,VN2,5,609,260,227,False,False,True,False,Challenger
heniss,0612,6,626,88,53,False,False,False,False,Challenger
Sphyrnus,0512,444,615,114,71,False,False,True,True,Challenger
ĐỔI TÊN ĐỔI VẬN1,VN2,188,614,103,65,False,False,True,False,Challenger
Picasso,2001,437,561,121,88,False,False,True,False,Challenger
Alan fanboy,2109,1,528,104,65,False,False,False,False,Challenger
Cam1,4690,343,569,105,72,False,False,True,False,Challenger
congb1nhf,1202,308,534,132,95,False,False,True,True,Challenger
T1 TDuongw,2606,104,613,126,88,False,False,True,False,Challenger
NNG Blade,VN2,318,579,91,60,False,False,True,False,Challenger
TSKMilfhunter,99999,211,1168,261,198,True,False,False,False,Challenger
CảnhDương newday,08100,37,679,126,95,False,False,True,False,Challenger
GD Royal,1704,243,1521,155,81,True,False,False,False,Challenger
Lê Chuyên,2311,459,850,196,135,True,False,False,False,Challenger
Henessy,1994,329,539,238,188,False,False,True,True,Challenger
KaneMely,6976,153,748,231,183,False,False,False,True,Challenger
Lộc Thanh Phương,TN20,8,611,180,146,False,False,True,True,Challenger
1234561234563333,12345,222,518,212,181,False,False,True,False,Challenger
Hoài Mập,VN2,434,515,133,111,False,False,False,False,Challenger
VN ArThurr1,7083,120,548,102,68,False,False,True,True,Challenger
Ng Hà Tây Bay,1112,389,550,130,114,False,False,True,True,Challenger
haquinnnn,666,93,617,135,99,False,False,True,False,Challenger
Thoai,9642,346,544,118,82,False,False,True,False,Challenger
ursuck,1310,3,750,118,78,False,False,True,False,Challenger
NG 1vs3,VN2,206,534,78,48,False,False,True,False,Challenger
Cin Bu Buoi,cinbb,166,895,136,99,False,False,False,True,Challenger
Last Dance,0211,1,890,113,83,False,False,True,False,Challenger
Lý Thất Dạ,777,12,717,103,72,False,False,False,True,Challenger
dragonBpro,7218,37,533,145,121,False,False,True,False,Challenger
Huyee,1999,596,900,229,177,False,False,True,True,Challenger
HNZ Mikeyy,0508,10,693,248,191,True,False,False,False,Challenger
Gumayuuu Nghĩa,VN2,258,555,180,144,False,False,True,False,Challenger
Dan,0811,412,666,107,82,False,False,True,True,Challenger
Hưn,hung,687,857,174,148,False,False,True,False,Challenger
TG QUYEN2K,VN2,11,697,153,123,False,False,True,False,Challenger
Empeureur,TDDN,837,527,162,127,False,False,True,False,Challenger
Đậu Còi,12345,277,587,171,126,False,False,True,False,Challenger
Ngẫn Viết Nhuyên,VN2,986,523,155,116,False,False,True,False,Challenger
Anh iu LanPhương,20021,41,675,206,177,False,False,True,False,Challenger
opken,123,132,1213,126,69,False,False,False,False,Challenger
209199,20919,541,709,297,255,False,False,True,True,Challenger
T1 Suzyy Bae,9287,4,604,185,148,False,False,True,False,Challenger
Vẫn Chưa Có Bồ,UIT,455,830,233,191,False,False,True,False,Challenger
可不可以,2895,61,889,164,132,False,False,False,True,Challenger
doupbleTD,2001,515,649,204,179,False,False,True,False,Challenger
taiyou,VN3,53,531,143,122,False,False,False,False,Challenger
luckyluke,1202,273,1007,136,80,False,False,False,True,Challenger
KND Lemon8,0712,446,756,154,139,False,False,False,False,Challenger
K Ô N G S Ơ N,2403,318,914,192,153,False,False,False,False,Challenger
KIGN,2004,442,550,301,256,False,False,True,False,Challenger
PTii,3004,275,773,190,150,False,False,True,False,Challenger
Ngồi Lên Đầu Bạn,VN2,319,513,251,230,False,False,True,True,Challenger
Sonbuiii,VN2,224,531,198,173,False,False,True,False,Challenger
n3an,0707,286,519,230,181,True,False,False,False,Challenger
H2dra,3008,409,626,140,103,False,False,True,False,Challenger
quanvodamidside,2709,228,549,151,107,False,False,True,True,Challenger
Nỗi Sầu Đêm Vắng,VN2,31,703,223,185,False,False,True,False,Challenger
Dexx,4850,75,583,166,152,False,False,True,True,Challenger
tuanjhg,1357,233,979,198,130,True,False,False,False,Challenger
Đu3,Du3,1,540,177,127,False,False,True,True,Challenger
M1QA,0602,145,854,241,183,True,False,False,False,Challenger
Niê H Ji,2000,26,773,202,175,False,False,True,True,Challenger
GK Imoogi,1809,469,661,193,146,False,False,True,True,Challenger
jlong25101,VN2,1,524,68,35,False,False,True,False,Challenger
rot,1000,28,851,217,160,True,False,False,False,Challenger
GD Khar1ch,611,145,795,180,147,False,False,True,False,Challenger
CogLee,2323,30,685,167,119,False,False,False,False,Challenger
Cerulean,VN23,465,618,196,162,False,False,True,True,Challenger
LuPin,Sữa,121,943,232,176,True,False,False,False,Challenger
Otto Ohoho,2309,144,948,117,74,False,False,False,False,Challenger
bópzúQuỳnhQuỳnh,9430,137,777,215,142,False,False,True,False,Challenger
Bigg,biggg,168,713,146,122,False,False,False,False,Challenger
Uppppp,VN2,337,572,142,108,False,False,True,False,Challenger
Duy Thu,1997,135,779,249,208,True,False,True,False,Challenger
Mobpsycho,6969,2,1213,187,119,True,False,False,False,Challenger
LDN,0109,39,554,178,147,False,False,False,False,Challenger
Oải Cả Chưởng,Dat,7,659,132,95,False,False,False,False,Challenger
Tú Đầu Bi,1996,1,1060,209,176,True,False,False,False,Challenger
Thích Thành Tâm,2103,208,721,130,80,False,False,True,False,Challenger
tienkafezo,8787,134,816,180,142,False,False,True,False,Challenger
Yiliu de siwei,1461,551,605,125,96,False,False,True,False,Challenger
DoubleN,D2N,516,639,171,157,False,False,False,False,Challenger
Berry T,92199,268,533,160,112,False,False,True,False,Challenger
KaicianLusa,2803,163,801,89,51,False,False,True,False,Challenger
Trung Vladimir,trung,325,1066,195,124,True,False,False,False,Challenger
FS Roll 7,phong,75,1005,194,150,True,False,False,False,Challenger
Dương Phạm HP,1902,1083,718,101,62,False,False,False,False,Challenger
ozin,1711,533,933,134,81,False,False,False,False,Challenger
ayekill,9385,76,550,128,99,False,False,True,True,Challenger
Đại Thi Hào DDG,Hihi,9,519,59,23,False,False,True,False,Challenger
Konjiki no Yami,2412,1,527,174,153,False,False,True,False,Challenger
NTTD,8894,122,537,103,88,False,False,True,False,Challenger
shiro neko,1002,429,737,223,175,False,False,False,False,Challenger
KND MinhBeso,1809,369,661,217,174,False,False,False,False,Challenger
dalton,4307,2,657,119,90,False,False,True,False,Challenger
Đường Tank,14082,456,630,224,167,False,False,True,False,Challenger
Crepe Sầuu Riêng,7701,191,677,114,69,False,False,True,False,Challenger
VN Khánh Ly,8583,408,641,191,164,False,False,True,False,Challenger
01 01 04,gemlz,291,746,199,188,False,False,True,True,Challenger
Bơ không béo,1309,698,525,229,206,False,False,True,True,Challenger
Đức Nguyên,DN19,386,675,212,167,False,False,True,True,Challenger
QQQQTàiQQQQ,VN2,27,524,152,111,False,False,True,True,Challenger
Squishy Tới Chơi,Hyy,280,574,181,132,False,False,True,False,Challenger
D U K I H A N 1,666,672,1177,138,88,False,False,False,True,Challenger
SukiReiichi,0112,35,809,190,107,True,False,False,False,Challenger
Thắng Họ Đỗ,2908,419,537,185,159,False,False,True,True,Challenger
ElIlSEN,666,45,884,161,112,False,False,True,False,Challenger
Lê Thành Đạt,1234,17,521,136,118,False,False,True,False,Challenger
NVT Gwen,9999,375,781,202,144,False,False,False,False,Challenger
Jeff Justin,06073,200,673,124,83,False,False,True,True,Challenger
Park Jae Hyeok,Ruler,557,531,202,177,False,False,True,False,Challenger
Liebert,8888,124,1006,187,138,False,False,False,True,Challenger
Shenobi,Wind,583,525,98,62,False,False,True,False,Challenger
buồn ngủ,0311,453,610,122,86,False,False,False,False,Challenger
Destiny,Omega,245,516,190,141,False,False,True,False,Challenger
Minako Aino,2935,465,762,162,120,False,False,False,True,Challenger
Phú Ngao,NSHH,494,554,79,46,False,False,True,False,Challenger
F F F F N Y A N,2610,209,555,133,102,False,False,True,True,Challenger
chinhquytinhnhue,d3e25,148,522,91,54,False,False,True,True,Challenger
E D 1 T H,EDITH,606,590,137,105,False,False,True,False,Challenger
Hà Vân Phong,22035,119,582,122,81,False,False,True,False,Challenger
Is Ke7777,VN2,2,547,288,257,False,False,True,False,Challenger
270399,vn11,67,592,167,124,False,False,True,False,Challenger
Đủ Có Chã,2618,267,652,185,162,False,False,False,True,Challenger
palirt,1906,818,540,89,58,False,False,True,False,Challenger
pk1,aaaaa,71,1166,177,110,True,False,False,True,Challenger
Fom,2307,243,552,222,182,True,False,False,False,Challenger
17None2,0217,1,625,88,57,False,False,True,False,Challenger
Hanni di top,10064,707,936,258,209,False,False,True,False,Challenger
VNgLinhNhi,VN2,104,699,180,146,False,False,True,False,Challenger
Bố của bé Sữaa,VN2,95,582,115,81,False,False,True,False,Challenger
Anh Xe Ôm 69K,VN2,313,894,187,145,True,False,False,False,Challenger
HNZ MIDFEED,2002,23,1319,173,89,True,False,False,False,Challenger
W00As,VN2,30,563,150,119,False,False,True,True,Challenger
Tuấn,15119,291,573,137,113,False,False,True,True,Challenger
Hatocchopro,6015,225,721,217,187,False,False,True,True,Challenger
Dasno,VN2,39,821,269,226,True,False,False,False,Challenger
ShmilyHN,2003,234,560,223,169,False,False,True,True,Challenger
Không Còn Em 1,23101,17,518,210,163,False,False,True,True,Challenger
pyuupnpay,yuna,521,730,133,110,False,False,False,False,Challenger
QUANG 17 TB,7066,314,656,204,176,True,False,False,False,Challenger
Con Sâu Hoà Bình,3660,383,723,216,186,False,False,True,False,Challenger
MG Vianne,maiiu,395,539,148,115,False,False,True,False,Challenger
apu,999,1,889,180,120,True,False,False,False,Challenger
TheOriginal,8640,2,618,156,133,False,False,True,True,Challenger
Đần Đần,999,328,566,208,175,False,False,True,False,Challenger
FS Kenzou,1609,12,789,236,188,False,False,True,False,Challenger
p T K19,VN2,2,644,184,181,False,False,True,False,Challenger
Võ Tín Nhân,VN2,750,519,281,232,False,False,True,False,Challenger
AOE MALONG 94,VN2,89,668,228,196,False,False,True,False,Challenger
BoSieuRiii,88888,531,997,175,121,False,False,False,True,Challenger
ducminhdz,001,393,862,185,134,False,False,False,False,Challenger
Mozart,818,591,1067,209,140,True,False,False,False,Challenger
vux,nvx,190,1010,174,118,True,False,False,True,Challenger
Vĩnh Quý,1412,603,527,99,69,False,False,True,True,Challenger
SVM Xuân Chính,VN2,3,534,175,123,False,False,True,False,Challenger
Maidenless,NTR,506,514,72,36,False,False,True,True,Challenger
Souless,6320,295,828,131,105,False,False,False,False,Challenger
NG InKaa,2707,56,1142,193,132,True,False,False,False,Challenger
NguyenPro,123,22,630,104,58,False,False,True,True,Challenger
NAxQuivo,VN2,7,637,207,172,False,False,True,False,Challenger
Đình Tuấn,2410,581,916,147,81,False,False,False,True,Challenger
hhainam,VN2,40,516,76,41,False,False,True,False,Challenger
QThien1,777,25,705,151,121,False,False,False,True,Challenger
04061997,04061,2,601,270,247,True,False,False,False,Challenger
HaUI ĐánhMấtEm,1234,243,964,160,121,True,False,False,False,Challenger
3 letter 8 words,1395,49,818,124,68,False,False,False,True,Challenger
Mạnh Chim Ưng,mcu,2,1005,208,140,True,False,False,False,Challenger
TVQ 1,TVQ1,89,962,216,156,True,False,False,False,Challenger
Noob Guy,VN2,301,589,231,202,True,False,False,False,Challenger
m1se,1506,315,836,150,109,False,False,False,False,Challenger
Khoái Ngực Lépp,0505,98,544,133,98,False,False,False,False,Challenger
YMAH,VN2,1,743,200,156,False,False,True,False,Challenger
Anh Šai Rồï,Hung,269,731,133,89,False,False,False,False,Challenger
Frog Cao thủ,2004,23,544,166,133,False,False,True,False,Challenger
52B DQN,2000,185,520,78,39,False,False,False,True,Challenger
T1 ANHLONG,long,538,740,291,247,False,False,True,False,Challenger
GD K1ng,3010,306,743,188,125,False,False,False,False,Challenger
năm tám nếch tơn,VN2,651,739,260,229,False,False,True,False,Challenger
Pythrasse,1545,605,701,112,80,False,False,True,True,Challenger
Arena of Đ,VN2,155,691,163,137,False,False,False,True,Challenger
Sol La Shi,1808,320,734,220,183,False,False,False,False,Challenger
Merascylla Ban,VN2,217,638,183,151,False,False,True,False,Challenger
NG Bunnyy,3n0d,12,649,150,110,False,False,False,True,Challenger
DTS Dylan,VN2,387,513,118,77,False,False,False,False,Challenger
KẻThứcThời,Phuoc,289,772,162,118,False,False,True,False,Challenger
GD nvdzz,nvdzz,5,518,144,118,False,False,True,False,Challenger
10pro95,5727,439,588,196,157,False,False,True,False,Challenger
Hải Nam Nguyễn,hnam,420,721,112,72,False,False,True,True,Challenger
NuocDaiTinhKhiet,NDTK,291,868,101,70,False,False,False,False,Challenger
Anh 5 Sì Gòn,1997,204,565,275,235,False,False,True,False,Challenger
beerus,10085,1,695,155,111,False,False,True,True,Challenger
youngboy flexing,1411,465,1008,165,99,True,False,False,False,Challenger
VN KOS GiàMàNon,VN2,1,683,186,139,False,False,True,False,Challenger
Bớt Khóc Đi,VN2,370,838,155,121,False,False,True,False,Challenger
Perfaketo,808,359,1346,150,98,True,False,False,False,Challenger
Dean,1711,563,619,141,108,False,False,True,True,Challenger
Ông bố tuổi 25,HGVN2,2,826,265,201,True,False,False,True,Challenger
TFA Hải An sosad,3009,241,642,171,143,False,False,True,True,Challenger
DepTrai1Th,VN2,427,534,131,97,False,False,True,False,Challenger
No1 obby,BB1,307,710,108,69,False,False,True,True,Challenger
Orpheus Duck,3108,332,515,143,96,False,False,True,False,Challenger
K3kyo,5750,592,1023,175,130,True,False,False,False,Challenger
KND Khan,1001,977,860,182,127,True,False,False,False,Challenger
manhnguyennnnnn1,VN2,63,693,189,149,False,False,False,False,Challenger
tungpro523,VN2,593,527,118,80,False,False,True,False,Challenger
UDD Noth1ngness,00000,608,633,170,124,False,False,True,True,Challenger
HLG Fifi,1005,249,1008,222,138,True,False,False,False,Challenger
280199,VTT,60,1512,190,124,True,False,False,False,Challenger
KND iCynS,GYJ,21,747,131,92,False,False,False,False,Challenger
Aokiiiiii,VN2,7,675,184,153,False,False,True,False,Challenger
Kamisato Ayaka,2521,126,590,95,69,False,False,True,False,Challenger
KND Finn,2205,425,629,136,101,False,False,False,False,Challenger
DLoi no Luv,DLoi,539,528,106,71,False,False,True,True,Challenger
Tụy,2000,220,579,129,104,False,False,True,False,Challenger
GOdDaW,VN2,2,656,144,97,False,False,True,False,Challenger
RF Emptyy,VN2,292,1224,183,114,True,False,False,False,Challenger
met vailz,LwD,23,537,122,88,False,False,True,False,Challenger
HnZ Maris,Maris,630,1695,171,74,False,False,False,False,Challenger
Xmate,2002,10,570,118,81,False,False,True,False,Challenger
Maybenexttime,Siam,77,674,151,115,False,False,False,False,Challenger
HoWinterCat,VN2,372,599,96,54,False,False,True,False,Challenger
Ging,1102,252,523,97,70,False,False,True,True,Challenger
tidien,VN2,341,678,106,61,False,False,False,False,Challenger
SVM CườngTĐ,1811,352,568,108,83,False,False,True,False,Challenger
ZerefTMT,0501,34,523,138,91,False,False,True,False,Challenger
HNB  sơnsmaillJP,12345,63,797,140,82,False,False,True,False,Challenger
Glory ManUnited,VN2,65,546,183,129,False,False,True,False,Challenger
Death a shadow,VN2,125,617,121,96,False,False,True,True,Challenger
Rei,0306,573,625,109,68,False,False,True,False,Challenger
LacDauVaDiRaaa,VN2,1,606,163,121,False,False,True,False,Challenger
GD Xa Lánh,VN2,371,755,151,112,False,False,True,False,Challenger
Aokiji,2406,630,746,152,119,False,False,True,False,Challenger
Xavier,HY671,221,516,86,53,False,False,True,True,Challenger
Hai Hac Hoa,2009,1,706,238,212,True,False,False,False,Challenger
Phếch cờ,VN1,465,546,176,135,False,False,True,False,Challenger
Yasuo Không Q,Doong,44,910,177,127,True,False,False,False,Challenger
NG Yugi,0707,551,1274,197,146,True,False,False,True,Challenger
Mory99,VN2,203,560,139,99,False,False,True,False,Challenger
JP Yuushin,VN2,41,557,119,91,False,False,True,False,Challenger
Mai Hương day,2002,297,1013,186,148,True,False,False,True,Challenger
HungiTT,1607,185,624,220,195,True,False,False,False,Challenger
Whyksosad,1607,747,743,132,98,False,False,False,False,Challenger
Nhoccute2,123,21,1196,151,73,False,False,True,True,Challenger
NBH Yag,123,672,736,183,142,False,False,True,False,Challenger
Capta1n Wind,2605,701,514,156,136,False,False,True,False,Challenger
Cupid,Sir,272,701,156,102,False,False,True,False,Challenger
KIDminusFebruary,VN2,48,555,267,239,False,False,True,False,Challenger
FNG Anh Bê Quá,VN2,209,727,163,133,False,False,True,False,Challenger
phongbc,1999,225,867,186,156,False,False,False,True,Challenger
P100,1111,497,853,204,151,False,False,True,False,Challenger
Em Tú Nai Sừ,2002,291,726,190,157,False,False,True,False,Challenger
Marcus Ibin,0001,111,556,219,177,False,False,True,False,Challenger
thanhtran21,2005,5,746,161,125,False,False,True,False,Challenger
Suki1,6666,13,889,161,102,False,False,False,False,Challenger
Con Chim kì cục,VN2,264,686,303,269,False,False,True,True,Challenger
Jos Min Hieu,josh,395,541,135,95,False,False,True,False,Challenger
YBY1,YBY1,25,1429,134,49,True,False,False,False,Challenger
khacmanh20,2011,304,1036,164,114,False,False,False,True,Challenger
Thero nèe,trung,9,638,121,94,False,False,True,False,Challenger
Vanphuoc,1211,305,572,126,63,False,False,True,True,Challenger
52B LHA,7744,25,586,131,78,False,False,True,False,Challenger
zTopTFTzBG,VN2,2,651,216,175,False,False,True,False,Challenger
Bún Bò Huế,3333,438,612,184,151,False,False,True,False,Challenger
HNB HUSY,1245,107,670,237,205,False,False,True,False,Challenger
ChờEmHaoGầy,7520,446,625,118,86,False,False,True,False,Challenger
SWT Manjarou,1604,312,811,176,150,False,False,True,True,Challenger
Bboy1,0204,210,729,123,86,False,False,False,False,Challenger
Huy021105,Huy02,1,665,197,152,False,False,True,False,Challenger
52B Hoàng Phi Nè,VN22,1,564,126,93,False,False,True,False,Challenger
Dlwlrma1,1407,26,705,174,135,False,False,False,False,Challenger
17th August,ta97,160,517,213,164,False,False,True,False,Challenger
Noisy,sad,350,725,132,94,False,False,False,False,Challenger
KaioŠhin,B6G,419,528,183,157,False,False,True,False,Challenger
Cánh Cụt Hụt Hơi,10598,463,1091,190,119,True,False,False,False,Challenger
ßig,ßang,347,519,279,241,False,False,True,False,Challenger
LD Bin,VN2,163,526,125,102,False,False,True,True,Challenger
Ngọc 6 Múi,139,445,773,79,36,False,False,False,False,Challenger
Alive1,1234,516,1128,217,152,True,False,False,False,Challenger
FEED,2712,10,1056,120,55,False,False,False,False,Challenger
Hqh1,2512,1,1229,123,57,False,False,True,False,Challenger
HienXam2k,2000,382,979,132,78,False,False,False,False,Challenger
D Linh Thor,VN2,3,591,180,137,False,False,True,True,Challenger
y0ung itach1,pnsky,374,513,119,88,False,False,True,True,Challenger
HoangNhatAnh,1101,507,899,160,108,False,False,False,False,Challenger
B4kk1es,NTL,2,652,162,125,False,False,True,False,Challenger
Megalodon,MEGV,326,819,165,126,False,False,True,False,Challenger
Đẳng Cấp 37,VN2,1,654,234,205,False,False,True,False,Challenger
hoangstm1999,stmtv,256,1120,200,130,True,False,False,False,Challenger
YYGYOUNG,6072,50,530,111,75,False,False,True,False,Challenger
Ngữ Yên,0306,440,730,169,130,True,False,False,False,Challenger
Đầy Royal,Kingz,124,689,128,79,False,False,True,False,Challenger
yunmaybe,6262,383,1048,117,66,False,False,False,False,Challenger
Cương Đang Suy,9779,82,944,236,176,True,False,False,False,Challenger
蓝天帝,llaih,465,646,126,87,False,False,True,False,Challenger
toneri,htt,612,540,167,148,False,False,True,False,Challenger
lemonss,tft,688,594,229,186,False,False,True,True,Challenger
cbbo,1005,639,554,163,109,False,False,True,False,Challenger
MrPe0,16Tee,446,548,203,179,False,False,True,False,Challenger
Huo Linger,msh,189,574,170,126,False,False,False,False,Challenger
oach xa lach vkl,9126,351,551,75,41,False,False,True,True,Challenger
OMG Hưngđepzai,12345,645,841,188,135,False,False,True,False,Challenger
Hít Được 1Hand,VN2,526,575,109,63,False,False,False,False,Challenger
ramen tuesday,001,503,1806,171,86,True,False,False,True,Challenger
hảd,4701,479,816,240,191,False,False,False,False,Challenger
FTF Tèo,2001,40,579,280,248,False,False,True,True,Challenger
Setsuko,3983,13,963,288,232,True,False,False,False,Challenger
hongduc2,2000,10,1071,103,48,False,False,False,False,Challenger
Thắng Cận,VN2,423,570,159,129,False,False,False,True,Challenger
289 Gaming,VN2,324,525,350,281,True,False,False,False,Challenger
Twinkling Whales,CVLL,14,722,170,146,False,False,False,False,Challenger
p1va,0610,425,1594,111,46,False,False,False,True,Challenger
d D NeKi D d,VN2,1,954,223,129,True,False,False,False,Challenger
November Rain,1011,515,598,103,68,False,False,False,False,Challenger
Nút D Mạ Zàng,VN2,353,561,165,137,False,False,True,False,Challenger
tempnwkzhdrjhjvt,VN2,546,624,203,149,False,False,True,False,Challenger
em phong,VN2,118,567,236,203,False,False,True,False,Challenger
hwng,00000,1,837,140,92,False,False,False,True,Challenger
ZolHa,VN2,570,559,126,80,False,False,False,False,Challenger
Pucca,htv,553,602,142,100,False,False,True,False,Challenger
KND k1an,2606,22,604,153,106,False,False,False,False,Challenger
Dyyyy,0611,396,526,133,106,False,False,False,False,Challenger
B ơ,9999,91,697,176,146,False,False,True,False,Challenger
Asta1,0497,921,1152,144,71,True,False,False,False,Challenger
SVM LâmLouis,1107,246,1006,180,144,True,False,False,False,Challenger
Gõ Đầu Được Zn,getup,56,681,105,57,False,False,True,True,Challenger
TTH299,1994,165,989,174,130,False,False,True,False,Challenger
GD Shaw1,2110,217,1446,253,175,True,False,False,True,Challenger
daisyrealmango,daisy,435,519,99,59,False,False,True,False,Challenger
NG Poo,2307,117,920,244,202,False,False,True,True,Challenger
Vaus,23032,54,651,158,125,False,False,True,True,Challenger
SVM Kim,2503,91,720,129,95,False,False,True,False,Challenger
Dante,11TFT,407,712,208,155,False,False,False,False,Challenger
Cảm Xúc Xa Dần,VN2,335,515,275,232,False,False,True,False,Challenger
severthaidinh,5132,11,970,268,210,True,False,False,False,Challenger
Nam Thành,9797,232,514,158,140,False,False,True,False,Challenger
Xayah Thiên Thần,Xayah,170,524,122,81,False,False,True,False,Challenger
Zaiwayyy,1996,63,535,229,171,False,False,True,True,Challenger
Đi Mid Bu Win,VN2,164,592,100,65,False,False,True,False,Challenger
give you my love,hieu,478,526,131,107,False,False,True,False,Challenger
Dịch Vụ Mai Tág,2111,437,538,225,194,False,False,True,False,Challenger
Độc Cô Cầu Bạy,VN2,524,640,194,168,True,False,False,False,Challenger
Never Give Up,1301,223,542,134,106,False,False,True,False,Challenger
HighRoll,1811,102,574,182,148,False,False,True,True,Challenger
cong an danh dan,nbbbb,42,564,184,146,False,False,True,False,Challenger
Betterme,0411,64,939,155,118,False,False,True,True,Challenger
Vuong AKWUY,Gay,2,521,204,172,False,False,True,False,Challenger
yêu 10 em 1 lúc,1004,161,647,204,157,False,False,False,False,Challenger
Tiger1,188,175,1140,207,134,True,False,False,False,Challenger
NYVK,1997,2,567,208,170,False,False,True,False,Challenger
吻 吻,Kiss,228,812,145,116,False,False,True,False,Challenger
wgwgwabtwkg,1496,237,807,166,121,False,False,True,False,Challenger
em thành ác gủy,choke,63,538,185,150,False,False,True,False,Challenger
Phụng Hoàng Nho,Kphap,625,569,216,185,False,False,True,False,Challenger
12664,9207,436,540,165,125,False,False,True,True,Challenger
Purple Kuzh,VN2,224,611,112,80,False,False,True,True,Challenger
Lyy Haeryun,VN2,716,533,155,121,False,False,True,True,Challenger
7 úp,VN6,179,687,177,128,False,False,False,False,Challenger
BestWishForYou,3872,36,545,149,117,False,False,True,False,Challenger
tienphong,kaze7,394,636,123,89,False,False,True,True,Challenger
P2W Chup xH,12822,82,538,170,130,False,False,True,False,Challenger
T1 Smeb,VN2,57,514,113,90,False,False,True,False,Challenger
NHUNG KÒI,VN2,341,575,165,124,False,False,True,True,Challenger
Skippy,ech,303,685,108,65,False,False,True,True,Challenger
icyy,284,337,528,115,92,False,False,True,False,Challenger
B o n h e u r,bon,485,660,181,145,False,False,True,False,Challenger
DuHy,26066,2,608,105,71,False,False,False,True,Challenger
Phá Nấu Hà Béo,0711,144,608,136,73,False,False,False,False,Challenger
trinhnguyendldn2,VN2,1,575,238,173,False,False,True,False,Challenger
Đại Pro Vip Kute,VN2,496,810,313,291,True,False,False,False,Challenger
Ty Thành,5468,142,666,148,95,False,False,True,True,Challenger
M12,VN12,207,558,161,127,False,False,False,False,Challenger
ºThành,VN2,194,624,137,102,False,False,False,False,Challenger
Mad Đô,maddo,393,514,145,122,False,False,True,False,Challenger
maile1,2005,356,738,103,70,False,False,True,False,Challenger
OP Chase,0612,499,588,174,145,False,False,False,False,Challenger
VLB Đình Dũng 09,VN2,193,612,160,139,False,False,True,False,Challenger
yeu em dai kho,p0907,179,520,127,75,False,False,True,True,Challenger
1 More Bullet,77777,332,720,145,112,False,False,True,False,Challenger
A N U B I S,1610,42,524,114,96,False,False,False,False,Challenger
8 Tháng 10,7879,2,550,148,112,False,False,True,True,Challenger
TTV OolongTime,VNM,272,926,188,154,False,False,True,False,Challenger
HaoreddogxC,11599,198,691,164,133,False,False,True,False,Challenger
ZhangFeii,1293,2,771,246,209,False,False,True,False,Challenger
Trụi nè,VN2,271,542,175,153,False,False,True,True,Challenger
Chamberchoico,TFT,2,833,158,108,True,False,False,True,Challenger
FS Bánh Xíu Páo,onehl,231,1099,184,110,True,False,False,False,Challenger
CaIImeGe0,Namle,1,684,179,143,False,False,True,False,Challenger
nghiaso2kaiso1,88888,171,567,111,74,False,False,True,False,Challenger
Demon,otis,16,728,109,65,False,False,True,False,Challenger
Yami,SF0,577,646,100,66,False,False,True,False,Challenger
Tuyetxinhgai,24421,398,519,134,109,False,False,True,False,Challenger
July Ngoo,6796,67,531,140,99,False,False,True,False,Challenger
tui quá già rùi ,VN2,581,532,195,153,False,False,True,True,Challenger
CGC,1989,396,584,153,105,False,False,True,False,Challenger
Arizona K,2607,266,587,148,111,False,False,True,False,Challenger
headache,1903,5,602,249,210,False,False,True,False,Challenger
ggwen,denvl,349,538,192,133,False,False,False,False,Challenger
stillness,0910,324,1424,204,137,True,False,False,True,Challenger
MùaThu Đó A có E,Huydz,493,544,205,170,False,False,True,True,Challenger
Cườngggg,782,229,699,134,104,False,False,True,False,Challenger
Sibalamaa,999,282,528,204,170,False,False,True,False,Challenger
Boring Man,2601,232,239,125,87,False,False,True,True,Grandmaster
mazi oki doki,hehe,573,318,123,80,False,False,True,False,Grandmaster
Perfect x Avitas,420,158,237,204,162,False,False,True,False,Grandmaster
painw,CANVU,545,405,184,178,False,False,True,True,Grandmaster
lose den chet,hung,26,236,226,204,False,False,True,False,Grandmaster
01071998,19298,551,474,263,230,False,False,True,True,Grandmaster
NAĐứcTrần,2504,309,313,133,98,False,False,True,False,Grandmaster
Hủy Diệt Nụ Cười,VN12,518,501,122,92,False,False,True,False,Grandmaster
小国王,0801,65,362,253,217,False,False,True,True,Grandmaster
Hầm ngon vãi ò ò,VN2,232,349,159,125,False,False,True,False,Grandmaster
KiếmTôiĐâuRồi111,4950,67,296,199,171,False,False,True,False,Grandmaster
Bellowz,BLWZ,297,318,126,86,False,False,True,False,Grandmaster
FinFin141,mx98,158,303,248,220,False,False,True,False,Grandmaster
TonYKL,3108,165,361,130,104,False,False,False,False,Grandmaster
Biết anh Linh ko,1999,122,243,115,84,False,False,True,False,Grandmaster
Zenn TCH,217,415,233,154,128,False,False,True,False,Grandmaster
thebreaker,00037,393,263,81,56,False,False,True,False,Grandmaster
L E E J U N N,VN145,256,300,115,97,False,False,True,True,Grandmaster
VN Ninh TFT,1998,264,445,134,106,False,False,True,True,Grandmaster
Duy20centimet,9062,135,410,255,221,True,False,False,False,Grandmaster
Em Thành Xóm 2,4274,491,261,101,59,False,False,False,False,Grandmaster
Tran Tan Tan,167,325,388,156,126,False,False,False,True,Grandmaster
Tempered Fate,Bis,672,246,171,143,False,False,True,False,Grandmaster
HadesS,2409,91,508,269,243,False,False,True,False,Grandmaster
huhugi26,VN2,651,344,110,87,False,False,False,False,Grandmaster
BurNIng,燃烧的心,483,408,156,129,False,False,False,False,Grandmaster
Ban Ni Chon,VN2,2,303,161,130,False,False,True,True,Grandmaster
Bae Suzy,mdp,232,267,78,65,False,False,False,False,Grandmaster
Dee,3778,45,317,130,104,False,False,True,False,Grandmaster
Yor Dâu,1110,588,261,127,87,False,False,True,False,Grandmaster
1900,1000,642,457,125,80,False,False,True,False,Grandmaster
TắtTiếngChơiGame,2670,23,283,105,75,False,False,False,False,Grandmaster
VN DVH TFT,VN2,109,233,103,59,False,False,True,True,Grandmaster
Dũng Hà Lan,12345,316,294,75,54,False,False,True,False,Grandmaster
Cronuss,9927,166,251,93,58,False,False,True,True,Grandmaster
Libur,LMAO,571,508,139,115,False,False,True,True,Grandmaster
Quang Anh,01996,11,318,199,170,False,False,True,False,Grandmaster
Fallen,50Y1,1,255,133,103,False,False,True,True,Grandmaster
TSS V,0410,129,264,89,53,False,False,True,False,Grandmaster
KidsKids,KidsK,31,245,173,134,False,False,True,False,Grandmaster
Days Of Summer,17015,372,276,201,160,False,False,True,True,Grandmaster
Spr1ngForest,SF03,198,340,79,43,False,False,True,False,Grandmaster
Master mùa 10,VN2,1,306,106,63,False,False,True,False,Grandmaster
H 21 14 7,yolo,358,340,105,78,False,False,True,False,Grandmaster
KaitouC,2003,38,447,207,185,False,False,True,False,Grandmaster
SameHz,2163,543,258,190,165,False,False,True,False,Grandmaster
JVCP,2003,35,305,150,131,False,False,True,False,Grandmaster
VIEneyU,0101,292,426,172,137,False,False,True,False,Grandmaster
rat met nguoi,VN2,383,405,158,121,False,False,True,False,Grandmaster
Hansell 2015,VN2,537,234,124,88,False,False,True,False,Grandmaster
i8 Emoco,binh,453,401,214,173,False,False,True,False,Grandmaster
Eve,Sumi,332,268,210,172,False,False,True,False,Grandmaster
Duk1ee,8296,6,311,158,132,False,False,True,True,Grandmaster
Only Khánh,3108,128,268,136,108,False,False,True,False,Grandmaster
hungdeivoyageur,xyz,288,512,155,118,False,False,True,False,Grandmaster
Coolads,2501,354,242,183,154,False,False,True,False,Grandmaster
Trúc Và Lux,2806,444,244,88,53,False,False,True,False,Grandmaster
ra gì đánh nấy,2123,455,412,304,284,False,False,True,False,Grandmaster
LKDui,1009,172,275,113,82,False,False,True,False,Grandmaster
Luv BaeSuzy ,VN2,220,396,101,59,False,False,True,False,Grandmaster
Asinnt,Black,413,327,140,106,False,False,True,True,Grandmaster
VN Bear,1998,113,338,116,83,False,False,True,False,Grandmaster
lnv0k3r,2509,1,257,120,96,False,False,True,False,Grandmaster
FH Sam,1997,289,279,111,96,False,False,True,False,Grandmaster
Suku,HuyMe,43,463,304,271,False,False,True,False,Grandmaster
bqxyz,VN2,316,268,124,92,False,False,True,False,Grandmaster
19th Novemberr,VN2,3,475,115,92,False,False,True,False,Grandmaster
K1 NoaTTTT,Toan,517,431,94,62,False,False,True,True,Grandmaster
anh suy quaa,VN2,231,326,113,69,False,False,True,False,Grandmaster
Quisss,VN2,528,411,130,97,False,False,False,False,Grandmaster
Võ Đế,1986,242,265,85,49,False,False,True,False,Grandmaster
TrườngThoại,VN2,166,292,96,69,False,False,True,True,Grandmaster
Em Văn vui vẻ ,VN2,580,346,155,117,False,False,True,False,Grandmaster
SpookyCookies,4132,242,331,71,33,False,False,True,True,Grandmaster
JoLakaLB,VN2,1,305,169,133,False,False,True,False,Grandmaster
Bác Sĩ Siêu Âm,cdha,7,439,151,102,False,False,True,False,Grandmaster
Charybdis,2210,535,447,129,94,False,False,True,False,Grandmaster
20  October 99,VN2,69,279,112,94,False,False,True,True,Grandmaster
lynx doc than,VN2,1,284,113,91,False,False,True,True,Grandmaster
Con Mều,hung,562,411,128,107,False,False,False,True,Grandmaster
quelua,8986,490,303,142,120,False,False,True,False,Grandmaster
Xin cái Top ONE,1909,13,366,171,135,False,False,True,False,Grandmaster
PATO Sun,VN2,510,439,130,95,False,False,False,True,Grandmaster
Duellinggame,LINK,1,251,127,96,False,False,True,False,Grandmaster
1iiiiiTFT1VN,VN2,76,352,140,92,False,False,True,False,Grandmaster
Kỳ Thủ Hồng Šơn,1202,109,504,107,76,False,False,True,False,Grandmaster
130792,VN2,1,480,137,111,False,False,True,True,Grandmaster
Ezreal,1st,604,307,167,130,False,False,False,False,Grandmaster
diem tinh boy,1005,533,415,98,81,False,False,True,False,Grandmaster
VấpCỏHôiPen,8172,415,234,252,228,False,False,True,False,Grandmaster
Em Huy 666,666,382,303,103,85,False,False,True,False,Grandmaster
Call115,C115,252,477,99,68,False,False,True,False,Grandmaster
đỗ giang nam,VN2,141,299,150,139,False,False,True,False,Grandmaster
Chot Tf,VN2,317,369,89,59,False,False,True,True,Grandmaster
FS OneDayForLove,2306,187,491,276,227,False,False,True,False,Grandmaster
Ní Vô Trăng,VN2,62,328,168,158,False,False,True,False,Grandmaster
quả cam khó calm,VN2,74,508,143,113,False,False,True,False,Grandmaster
HocReact7Nghiep,VN2,322,460,244,211,False,False,True,False,Grandmaster
KaitoAccor,1608,642,262,104,81,False,False,True,True,Grandmaster
toidaidot111,VN2,10,299,138,119,False,False,True,False,Grandmaster
Em Tinn,13059,47,487,121,73,False,False,False,False,Grandmaster
sDOTs,VN2,301,300,186,171,False,False,True,False,Grandmaster
Thế Tài 2001,VN2,480,232,212,215,False,False,True,False,Grandmaster
duonglam273,VN2,2,352,281,265,False,False,True,False,Grandmaster
congiandethuong,VN2,367,234,155,150,False,False,True,False,Grandmaster
syz,bdvt,5,439,93,68,False,False,True,False,Grandmaster
Furina,Fuina,1,268,86,69,False,False,True,False,Grandmaster
Ơ KÌA Ca Ca,1214,96,266,136,111,False,False,True,False,Grandmaster
OnechampSamira,2004,83,355,143,123,False,False,True,False,Grandmaster
V O X L,VN2,14,239,142,104,False,False,True,False,Grandmaster
QUOCVERTU1,vertu,13,513,95,59,False,False,True,False,Grandmaster
GalaxyShadows,0910,746,253,128,89,False,False,True,False,Grandmaster
Tuấn Tuổi Trẻ,5282,214,451,113,70,False,False,True,False,Grandmaster
Pepsi1,0209,267,511,137,94,False,False,True,False,Grandmaster
um okay,ad1,40,273,128,97,False,False,False,False,Grandmaster
SsBơ,SsBơ,1,272,188,152,False,False,True,True,Grandmaster
Quân Đóm,VN2,460,507,149,115,False,False,False,True,Grandmaster
Giám Đốc Nam,6641,332,374,112,82,False,False,True,True,Grandmaster
9 Năm,LeoTĐ,213,459,166,126,False,False,True,True,Grandmaster
Đen Nên Đổi Tên,VN2,363,268,208,181,True,False,False,False,Grandmaster
AnhBeo,18194,175,234,142,118,False,False,True,False,Grandmaster
phattran97,VN2,1,455,125,94,False,False,False,False,Grandmaster
º oO Tiến Oo º,81100,817,277,131,110,False,False,True,True,Grandmaster
Bạc Xỉu Lóng,VN2,451,485,167,149,False,False,True,False,Grandmaster
Sâu Ngủ,Yuumi,5,457,139,95,False,False,False,True,Grandmaster
MIẾN CAY,VN2,387,235,111,87,False,False,True,False,Grandmaster
sneako,2901,56,275,82,60,False,False,False,False,Grandmaster
Aptos,APT,546,447,79,45,False,False,False,True,Grandmaster
Mikasa Yeager,1502,211,500,156,129,False,False,True,False,Grandmaster
Hoa Thần Vũ,4444,41,376,205,168,False,False,True,False,Grandmaster
Nangosu,1694,56,377,76,43,False,False,True,True,Grandmaster
Rosallie,VN2,90,290,229,198,False,False,True,False,Grandmaster
linnealeia,vn1,96,318,89,44,False,False,False,True,Grandmaster
maybe7,23506,543,424,95,55,False,False,True,False,Grandmaster
QuangKhangSL,VN2,443,352,177,133,False,False,True,False,Grandmaster
Gà Con 88,VN2,140,269,95,60,False,False,True,False,Grandmaster
lovelyne,0809,11,311,101,79,False,False,True,False,Grandmaster
Đức Hào,DuHa,1,386,67,35,False,False,True,False,Grandmaster
KND Succulento,nano1,169,468,91,66,False,False,False,False,Grandmaster
Zap,1305,476,502,171,136,False,False,True,True,Grandmaster
Malzahaha,VN2,366,301,175,142,False,False,True,False,Grandmaster
EmNguyên TryHard,9999,238,356,183,133,False,False,True,False,Grandmaster
Vĩnh Dạ Chi Thần,TMQ,1,308,205,149,False,False,True,True,Grandmaster
PhaNuocChanh,netem,531,278,172,121,False,False,True,False,Grandmaster
my breath is ur,14n14,473,402,132,106,False,False,True,False,Grandmaster
wishgosky,146,24,503,175,123,False,False,True,True,Grandmaster
HùngCM,18112,535,308,85,51,False,False,False,False,Grandmaster
VN Style1,VN199,74,502,313,270,False,False,True,True,Grandmaster
Chocobo,1304,332,232,136,118,False,False,True,False,Grandmaster
TahP,0312,198,246,157,137,False,False,True,True,Grandmaster
TrọngPhúc,297,49,337,160,101,False,False,True,True,Grandmaster
RubyXYZ,0811,324,331,59,35,False,False,True,False,Grandmaster
Xiaomeow,1610,325,284,132,114,False,False,True,False,Grandmaster
Agginn,01i,467,306,156,125,False,False,True,True,Grandmaster
VN 17611,Trung,382,246,146,112,False,False,True,False,Grandmaster
NHUTNE,0701,493,427,161,142,False,False,True,False,Grandmaster
nu khung,2510,1,245,86,68,False,False,False,True,Grandmaster
LLG Navkot,VN2,143,291,120,77,False,False,True,False,Grandmaster
GucciiPeekk,2222,259,321,155,124,False,False,False,False,Grandmaster
pr0pr0996vn,8178,1,340,219,204,False,False,True,False,Grandmaster
Keiithy,1999,1,344,158,124,False,False,True,True,Grandmaster
NG Cfl,cuong,1,235,88,56,False,False,True,True,Grandmaster
 M i n h  yß y y,VN2,561,507,135,82,False,False,False,True,Grandmaster
Gia Cát Bịp,3003,279,406,122,83,False,False,True,False,Grandmaster
Phu0ngNam,3110,373,345,172,137,False,False,False,False,Grandmaster
 Anhh  Hùngg,VN2,232,359,227,174,False,False,False,False,Grandmaster
GiaCátGạchĐá,1703,72,297,91,36,False,False,True,False,Grandmaster
Chít Tà Naaa,VN2,578,331,212,163,False,False,True,True,Grandmaster
xanh rờn,VN2,289,243,298,273,False,False,True,False,Grandmaster
Nalas,1370,713,234,95,66,False,False,True,True,Grandmaster
cChú cứ để anh,VN2,214,257,126,101,False,False,True,True,Grandmaster
Nevous,2209,499,344,152,131,False,False,True,False,Grandmaster
PancakessTFT,VN2,673,295,147,126,False,False,True,False,Grandmaster
Professional,0409,524,460,202,158,False,False,True,False,Grandmaster
YTB ViếtNhânĐTCL,01033,7,368,282,276,False,False,True,False,Grandmaster
KCvs7 ,VN2,284,433,121,99,False,False,False,False,Grandmaster
tao la Low Jho,BTC,344,352,151,127,False,False,True,False,Grandmaster
TaroAixì,1901,6,418,97,55,False,False,True,True,Grandmaster
NợMẹNàngDâu,VN222,32,253,88,59,False,False,False,False,Grandmaster
En1wd1k,2702,417,253,129,108,False,False,True,True,Grandmaster
Blackrose2k,0601,248,241,105,82,False,False,True,False,Grandmaster
BoonBoon,VN2,68,280,93,75,False,False,True,False,Grandmaster
Cloudy Sad,VN2,276,260,290,235,False,False,True,True,Grandmaster
Da đen đít ghẻ,1102,635,404,297,277,False,False,True,False,Grandmaster
Reverbisme,1210,53,236,102,70,False,False,True,False,Grandmaster
c1et,c1et,648,390,213,204,False,False,True,False,Grandmaster
zMưa,VN2,439,287,182,139,False,False,True,True,Grandmaster
NG Demo,demo,40,452,124,91,False,False,True,False,Grandmaster
Loy Loy,1903,274,272,83,58,False,False,False,False,Grandmaster
hungtohapp,VN2,4,473,277,249,False,False,True,False,Grandmaster
you and me,vie,473,235,233,224,False,False,True,False,Grandmaster
y1uD,VN2,213,384,128,91,False,False,True,False,Grandmaster
MarAxCQA,VN2,122,325,182,159,False,False,True,True,Grandmaster
VN 1ĐóaHoaNhài,NSC,24,387,113,81,False,False,True,False,Grandmaster
5ẤyHoaNởMoonVừa0,7624,34,368,68,34,False,False,True,True,Grandmaster
Fei25,2522,210,504,93,55,False,False,True,False,Grandmaster
Ditmemay0711,VN2,244,249,111,93,False,False,True,False,Grandmaster
LacLac,1509,102,302,124,88,False,False,True,False,Grandmaster
Akatsuki Deidara,8571,320,233,85,70,False,False,True,True,Grandmaster
linhbodoi,6336,718,234,85,67,False,False,True,False,Grandmaster
Làm Bài Kèn,VN2,65,304,77,46,False,False,True,True,Grandmaster
baorddepjtrai,baorr,376,271,171,149,False,False,True,False,Grandmaster
Một Đập Ăn Tiền,VN2,414,461,212,174,False,False,True,False,Grandmaster
Em Đăng Đá,99999,23,261,125,89,False,False,True,False,Grandmaster
Beng Họa Sĩ,VN2,113,318,198,178,False,False,True,False,Grandmaster
JaSonn,JaSon,577,391,134,106,False,False,False,False,Grandmaster
Sang day,1998,1,375,201,178,False,False,True,False,Grandmaster
Jules,dunbe,704,243,134,92,False,False,True,False,Grandmaster
pay to win,VNM,386,441,172,156,False,False,True,False,Grandmaster
Feliz,hard,123,241,100,68,False,False,True,False,Grandmaster
Sh4Dainn,VN2,448,337,79,49,False,False,True,False,Grandmaster
Nắng,520,735,259,105,68,False,False,False,False,Grandmaster
AAm Tham Ben Em,2407,14,235,120,87,False,False,True,True,Grandmaster
Tdmaskhoi,VN2,207,384,182,148,False,False,True,False,Grandmaster
Game Như Lozzz,VN2,118,236,223,202,False,False,True,False,Grandmaster
Tôi đang suy,9101,487,240,72,47,False,False,True,False,Grandmaster
CTG Edgar,21297,177,298,108,91,False,False,True,False,Grandmaster
Dũng Chảnh,VN2,263,251,141,104,False,False,True,False,Grandmaster
INF Hunw,2003,306,237,120,104,False,False,True,True,Grandmaster
NTLxWrenN,VN2,212,309,85,38,False,False,True,False,Grandmaster
Be Yourself,VN21,348,271,45,11,False,False,True,True,Grandmaster
kujbap10,VN2,181,300,121,99,False,False,True,False,Grandmaster
VietGiOh,VN2,30,387,135,84,False,False,False,False,Grandmaster
tkt1612,VN2,267,360,176,142,False,False,True,False,Grandmaster
ZakyLee,1306,154,322,95,58,False,False,True,True,Grandmaster
TPM HomieCong,9999,306,315,127,94,False,False,True,False,Grandmaster
Trungbibo,2712,275,435,175,152,False,False,True,False,Grandmaster
Hồ cảm xúc,H1912,672,245,126,95,False,False,True,False,Grandmaster
mook,VN2,23,234,100,86,False,False,True,False,Grandmaster
Mèo ơi cứu Tớ,0608,203,328,204,156,False,False,True,False,Grandmaster
gg Ông Giáo à,VN2,465,418,233,179,False,False,True,False,Grandmaster
Ong Mật,2001,1,350,141,128,False,False,True,True,Grandmaster
Kuzan1,2209,941,238,160,131,False,False,True,True,Grandmaster
Thanh Tùng Trần,2901,374,275,225,178,False,False,True,True,Grandmaster
NoZeRos,2960,2,425,114,103,False,False,True,False,Grandmaster
NguyenTrungManh,6789,189,404,98,82,False,False,True,False,Grandmaster
Tessu,1234,10,256,213,177,False,False,True,False,Grandmaster
beeeeeeeeeeeeeee,2807,16,362,90,61,False,False,False,False,Grandmaster
choi co 1 tay,VN2,5,410,126,87,False,False,False,False,Grandmaster
Hải Anh is me,M040,230,510,121,80,False,False,True,False,Grandmaster
Scyther,259,590,349,101,70,False,False,True,False,Grandmaster
OPG Vinh HoangDã,2006,113,312,125,76,False,False,True,True,Grandmaster
lmwinner,11111,385,309,200,168,False,False,True,False,Grandmaster
Quaivattronganh,VN2,1,370,94,53,False,False,True,False,Grandmaster
Icsm,VN2,1,396,200,184,False,False,True,True,Grandmaster
Co1nnnnn,1210,190,399,108,83,False,False,True,False,Grandmaster
Bướm bị Chim hôn,25iN,343,290,89,71,False,False,True,False,Grandmaster
anhquan,2408,76,233,89,69,False,False,True,False,Grandmaster
Mùa Đông Năm Ấy,6504,1,415,154,88,False,False,True,True,Grandmaster
KyUNhien1990,6652,3,234,145,106,False,False,True,True,Grandmaster
NakkSu,12345,299,274,100,73,False,False,True,False,Grandmaster
Ma Dong Seok,vn123,2,244,163,139,False,False,True,False,Grandmaster
oSunata11o,VN2,9,322,139,115,False,False,True,False,Grandmaster
NICO Baba Yaga,1007,1,289,170,139,False,False,True,True,Grandmaster
PhoeDra2104,20897,1,268,255,242,False,False,True,False,Grandmaster
leechinh17,3005,7,421,192,171,False,False,True,False,Grandmaster
Bé Min 2K3,10204,316,291,115,91,False,False,True,True,Grandmaster
Barker Làng Đá,27104,303,246,192,170,False,False,True,False,Grandmaster
Em Bằng TFT,0416,251,248,145,114,False,False,True,False,Grandmaster
Bin Tập Code,8618,10,425,150,121,False,False,False,True,Grandmaster
GNASEEL,VN3,299,423,232,180,False,False,True,True,Grandmaster
sadboichungtình,7348,88,469,147,125,False,False,True,False,Grandmaster
025105645151289,1612,168,334,123,87,False,False,True,False,Grandmaster
76E1 Nam ,VN2,80,292,181,150,False,False,True,False,Grandmaster
ViĐạiThành,11111,274,380,173,152,False,False,True,False,Grandmaster
Kim Ngân,08976,145,281,181,165,False,False,True,False,Grandmaster
Khổng Minh TFT,6827,378,236,238,226,False,False,True,True,Grandmaster
Xếp Couter Này,21019,10,270,232,190,False,False,True,False,Grandmaster
lỗi bên em,DTL,361,297,134,113,False,False,False,False,Grandmaster
토랄린,1110,693,388,116,75,False,False,True,False,Grandmaster
Kiet1953,111,238,371,93,67,False,False,True,False,Grandmaster
SBTC DENY,DENY,369,241,126,110,False,False,False,False,Grandmaster
ok11,352,568,509,188,171,False,False,True,False,Grandmaster
xintop8TT,VN2,20,300,231,195,False,False,True,True,Grandmaster
badintuition1,111,522,370,92,61,False,False,True,False,Grandmaster
Amireux,52hz,730,342,180,135,False,False,False,False,Grandmaster
阮   国   英,9999,278,241,111,76,False,False,True,False,Grandmaster
shauron12,9452,39,314,82,64,False,False,False,False,Grandmaster
NQH 1502,VN123,284,287,124,101,False,False,True,False,Grandmaster
sonication,20237,300,271,81,50,False,False,True,True,Grandmaster
ZerefCKun,VN2,1,359,68,29,False,False,True,True,Grandmaster
BÚn CUa Hơm,Trung,408,243,163,128,False,False,True,False,Grandmaster
Captain Irelia,VN2,131,347,142,99,False,False,True,False,Grandmaster
Go Hae Rii,2501,348,351,197,155,False,False,False,False,Grandmaster
Nhokvippro,SVY4,1,502,226,196,False,False,True,False,Grandmaster
Argun Worme,abcxy,98,329,141,123,False,False,True,False,Grandmaster
Tâm Hồn Xao Động,27497,114,251,196,153,False,False,False,False,Grandmaster
Fờ Léx,TFT,1,416,103,57,False,False,False,False,Grandmaster
KayZDi,2911,1,460,112,70,False,False,True,False,Grandmaster
Mingo33,727,566,233,161,147,False,False,True,True,Grandmaster
FbLive Haxagii,VN2,297,336,185,145,False,False,True,False,Grandmaster
LuxuryWind,1412,550,274,74,46,False,False,True,False,Grandmaster
BEX Luckyman1,VN2,179,248,129,108,False,False,True,True,Grandmaster
JustPhươngLyy,just,158,313,127,95,False,False,True,False,Grandmaster
tonytocotoco,2906,491,263,101,72,False,False,True,False,Grandmaster
gamexamlz,1998,275,506,100,56,False,False,True,True,Grandmaster
Illunimous,1710,607,332,167,134,False,False,False,False,Grandmaster
oOoBlackRose,VN2,488,242,161,129,False,False,True,False,Grandmaster
Lâm Lạc Lối,1412,255,302,132,99,False,False,True,True,Grandmaster
Shalltear,tear,510,268,181,150,False,False,True,False,Grandmaster
VH10,VN2,214,300,156,133,False,False,False,False,Grandmaster
Khổ Vì Gái Theo ,VN2,283,262,305,286,False,False,True,False,Grandmaster
aranran,VN2,421,232,154,121,False,False,True,False,Grandmaster
họa sĩ làm thơ,VN2,526,273,162,144,False,False,True,False,Grandmaster
HLG Trungnef,VN2,2,270,119,85,False,False,True,False,Grandmaster
master korea111,12121,681,253,141,118,False,False,True,False,Grandmaster
QQ Chokee,VN2,428,359,171,140,False,False,False,False,Grandmaster
Nghĩa,234,303,369,111,84,False,False,True,False,Grandmaster
adcx244,VN2,36,504,183,151,False,False,True,False,Grandmaster
Zoe Khương,DKKK,374,299,122,87,False,False,True,True,Grandmaster
i m He,2000,308,313,159,126,False,False,True,False,Grandmaster
T tới đây,1999,177,330,148,122,False,False,True,False,Grandmaster
Piandao,VN2,235,309,148,116,False,False,True,False,Grandmaster
Phùng Đức Thịnh,11106,541,295,87,53,False,False,True,True,Grandmaster
Riasgremory,6505,443,322,105,76,False,False,True,False,Grandmaster
QuânSeven,9031,151,455,115,75,False,False,True,False,Grandmaster
Fang Yuann,i666,543,303,164,138,False,False,True,True,Grandmaster
Feel free,VN2,1,359,177,128,False,False,True,False,Grandmaster
Hăc Liên,1998,124,234,72,37,False,False,True,True,Grandmaster
Prince of Crime,1234,452,511,116,86,False,False,True,False,Grandmaster
Jun,1601,61,278,86,44,False,False,True,True,Grandmaster
kata nara,5834,2,241,124,108,False,False,True,False,Grandmaster
Fanboyy Jisooo,2202,87,359,143,103,False,False,False,False,Grandmaster
iCTSV,2702,4,500,174,141,False,False,True,True,Grandmaster
Người Nhà Quê,21110,139,395,196,168,False,False,True,False,Grandmaster
Erik Phạm,88888,11,246,157,139,False,False,True,False,Grandmaster
Hi Am Rosé,123,381,305,252,219,False,False,True,True,Grandmaster
HMN 17B4,VN2,136,336,97,54,False,False,True,False,Grandmaster
216,9999,613,245,198,157,False,False,True,True,Grandmaster
Radamel Falbaor,0812,383,240,171,123,False,False,True,False,Grandmaster
tach nua,VN2,22,262,58,27,False,False,True,True,Grandmaster
Kaed5,102,732,440,96,52,False,False,True,False,Grandmaster
DangKhoa1009,VN2,137,231,157,110,False,False,True,True,Grandmaster
hà sùng,1012,158,270,88,64,False,False,True,False,Grandmaster
G A U N E,VN2,503,436,118,97,False,False,True,True,Grandmaster
TYPN,0412,378,252,101,69,False,False,True,False,Grandmaster
Sunflower,2204,148,413,184,148,False,False,False,False,Grandmaster
Furina,Kei,361,377,171,145,False,False,True,False,Grandmaster
Đỗ Công Thành,2510,217,275,219,193,False,False,True,False,Grandmaster
H I P P I I,hip,620,338,122,95,False,False,False,False,Grandmaster
Kẻ Hết Thời,NAK,297,384,204,189,False,False,True,False,Grandmaster
anhquan,187,324,303,141,122,False,False,True,True,Grandmaster
từ con số 0,VN2,39,262,108,73,False,False,True,False,Grandmaster
Zin FullStack,VN2,462,448,110,71,False,False,True,False,Grandmaster
NaaiG TFT,999,99,409,159,124,False,False,True,False,Grandmaster
zerozip1,8064,158,350,190,131,False,False,True,False,Grandmaster
topTFTone1,VN2,33,342,163,128,False,False,False,False,Grandmaster
JameAHoang,1999,2,484,123,84,False,False,True,False,Grandmaster
BbyTraMyDang,10203,286,317,136,95,False,False,False,False,Grandmaster
14 Stillwater,1408,495,393,227,177,False,False,True,True,Grandmaster
Huân Long,VN2,528,237,126,91,False,False,True,True,Grandmaster
SS Bun,bun2,908,492,155,136,False,False,True,False,Grandmaster
HNB Big oTry,9869,94,417,187,139,True,False,False,False,Grandmaster
Tú Đầu Moi,VN2,252,306,103,75,False,False,True,False,Grandmaster
FS vdq,VDQ99,131,421,239,188,False,False,True,False,Grandmaster
123333333,12345,44,266,144,128,False,False,True,True,Grandmaster
TTN Phong Thần,1710,264,243,110,78,False,False,True,True,Grandmaster
AEaaaEA,VN2,12,248,310,276,False,False,True,False,Grandmaster
GodOfThudeR,6436,467,371,103,83,False,False,False,False,Grandmaster
Vũ Nhân,1223,49,504,144,102,False,False,True,False,Grandmaster
FakePhat112,phat1,332,406,129,86,False,False,True,False,Grandmaster
GấuMập99,VN2,342,348,99,64,False,False,True,False,Grandmaster
Lối chơi flexing,999,482,243,127,100,False,False,False,True,Grandmaster
Captain Phúcc,VN2,463,312,192,173,False,False,True,False,Grandmaster
Apol10,VdQ,646,277,99,68,False,False,True,False,Grandmaster
NamNgerrr,2706,196,362,138,108,False,False,True,True,Grandmaster
TVH 23 02 04,2302,525,370,141,109,False,False,False,False,Grandmaster
Sin Bến Tre,2306,39,258,139,121,False,False,True,True,Grandmaster
Chạy Đi Menn,6009,17,255,180,145,False,False,True,False,Grandmaster
RubyAngel,VN2,64,265,73,29,False,False,True,True,Grandmaster
Mama,Mama0,1,253,195,164,False,False,True,False,Grandmaster
Mèo con bít pơi,1512,547,408,100,73,False,False,True,True,Grandmaster
TFT NVA,VN2,171,260,184,158,False,False,True,False,Grandmaster
Cố Trường Ca,88888,59,356,181,142,False,False,True,False,Grandmaster
KunK,1107,244,260,194,166,False,False,True,False,Grandmaster
Giáo sư Dũng,Neon,380,259,100,85,False,False,True,True,Grandmaster
1gN,2805,438,373,138,109,False,False,True,False,Grandmaster
KuzeTFT,2556,302,243,151,107,False,False,True,True,Grandmaster
Huy Là Taoooo,1844,350,250,225,182,False,False,True,False,Grandmaster
CryingYetiz,VN2,354,362,129,87,False,False,True,False,Grandmaster
tizzi994,VN2,2,319,193,169,False,False,True,True,Grandmaster
Reddog is real,0712,680,261,80,48,False,False,True,True,Grandmaster
biQN,0343,456,375,143,118,True,False,False,False,Grandmaster
trongbds,1996,854,362,176,132,False,False,True,False,Grandmaster
N DuHy,Q2606,514,503,95,63,False,False,True,True,Grandmaster
truz1996,truz1,739,242,132,120,False,False,True,False,Grandmaster
B M S,1307,130,431,223,175,False,False,True,False,Grandmaster
Hoạ Sĩ Piccaso,2004,8,449,261,247,False,False,True,False,Grandmaster
Kuromeoo,1752,546,237,140,117,False,False,True,True,Grandmaster
Miêu Miêu HZ,VN2,344,265,207,182,False,False,True,False,Grandmaster
truoqsogood,2004,1,368,139,118,False,False,True,False,Grandmaster
PAR PảoPảo,HUST,541,280,114,83,False,False,True,False,Grandmaster
Cả Lò Nhà Game,1898,133,511,97,62,False,False,True,True,Grandmaster
Danh Hài Mới Nổi,i820,24,352,131,115,False,False,True,False,Grandmaster
Oppa Tú,99999,611,247,242,209,False,False,True,True,Grandmaster
sSs KiD,2709,684,291,93,71,False,False,True,True,Grandmaster
Dark,01234,260,294,94,70,False,False,True,False,Grandmaster
Nosferatu,2301,245,404,93,71,False,False,False,False,Grandmaster
viết nhạc lm thơ,2003,385,300,123,93,False,False,False,False,Grandmaster
chua yeu 1 ice,1503,344,231,146,123,False,False,True,False,Grandmaster
loi ben toy,1998,559,502,184,127,False,False,True,False,Grandmaster
Ác quỷ nước mỹ,devil,326,338,125,93,False,False,False,False,Grandmaster
Choncc,2909,820,504,112,76,False,False,True,True,Grandmaster
S A V E,nhật,838,336,191,141,False,False,True,False,Grandmaster
SMUF DTCL,5370,544,317,157,112,False,False,True,False,Grandmaster
1TTĐ NVT,VN2,149,497,200,158,False,False,True,False,Grandmaster
1tay thách đấu,1TTĐ,156,491,79,53,False,False,True,False,Grandmaster
Scorpions,1111,246,301,142,122,False,False,True,False,Grandmaster
A5 Meanles,27111,604,434,180,147,False,False,True,False,Grandmaster
Đánh cờ,VN2,57,300,206,186,False,False,True,False,Grandmaster
Chè Hoa Bưởi,buu2k,108,476,74,32,False,False,False,False,Grandmaster
Han Hyo Joo 1,ttoan,433,240,98,66,False,False,False,False,Grandmaster
6886688688888888,LongT,14,501,123,77,False,False,True,False,Grandmaster
Kgadboiz,VN2,141,385,223,179,False,False,True,False,Grandmaster
HLG EmHiểnChoáy,3926,486,273,106,78,False,False,True,False,Grandmaster
bzzang,bzzan,502,244,181,145,False,False,True,False,Grandmaster
Kykun,21101,240,293,140,109,False,False,True,False,Grandmaster
Hoàng ĐH,VN2,273,328,163,146,False,False,True,False,Grandmaster
ChonXeLich,HeHe,1,278,115,81,False,False,True,False,Grandmaster
Cường Smile,Smile,284,447,111,79,False,False,False,False,Grandmaster
Bình Chữa Cháy,2204,724,295,129,88,False,False,False,False,Grandmaster
Migi THÁCH ĐẤU,VN2,24,248,141,96,False,False,True,False,Grandmaster
TheDainn1,7566,95,250,92,71,False,False,False,False,Grandmaster
29062609,VN2,533,295,233,209,False,False,True,False,Grandmaster
oWTashaWo,3013,199,478,301,256,False,False,True,False,Grandmaster
Bạn Học Cáo,0627,213,253,79,55,False,False,True,False,Grandmaster
AFK BĐV1,27081,10,245,140,111,False,False,True,True,Grandmaster
Nup,VN2,430,356,247,221,False,False,True,False,Grandmaster
dukwan,0511,135,360,129,82,False,False,True,False,Grandmaster
top1spammer12,VN2,50,363,87,61,False,False,False,False,Grandmaster
Hàn Tiểu Ling,Ling,375,303,109,71,False,False,True,False,Grandmaster
Bé My Sweetie,mika,726,324,80,56,False,False,True,False,Grandmaster
ToiRatYeuVIETNAM,VN2,134,486,158,122,False,False,True,False,Grandmaster
Beel,0906,309,425,134,99,False,False,True,False,Grandmaster
bapmomx01,VN2,2,214,146,115,False,False,True,False,Grandmaster
Yi Yo,1998,1129,255,163,130,False,False,True,False,Grandmaster
Đuma đang cứu nè,VN2,722,387,153,143,True,False,False,False,Grandmaster
dần dần mất em,VN2,259,292,193,140,False,False,True,False,Grandmaster
NG Yoonjunggggg1,0703,433,502,150,141,False,False,True,False,Grandmaster
HuongTitLonMuppp,muppp,11,303,131,98,False,False,False,False,Grandmaster
Phong cách ĐNA1,VN2,24,414,246,222,False,False,True,False,Grandmaster
anh da on hon,2105,317,508,169,133,False,False,True,True,Grandmaster
Lee Chunn,VN2,426,266,140,125,False,False,True,False,Grandmaster
njhanniiii,1999,843,281,160,146,False,False,True,True,Grandmaster
Minh0111,0111,319,377,242,212,False,False,True,True,Grandmaster
PTM Crown,VN2,268,246,98,73,False,False,True,False,Grandmaster
crow,2210,639,263,76,48,False,False,True,True,Grandmaster
L 03 10 04 NT,1003,127,309,140,106,False,False,False,False,Grandmaster
16 dần dơ,VN2,297,260,120,100,False,False,True,False,Grandmaster
CoolParker,SML,442,362,73,24,False,False,True,True,Grandmaster
Bé Bờm VN,0302,179,469,113,82,False,False,False,False,Grandmaster
ĐứcĐức,2446,30,376,148,114,False,False,True,False,Grandmaster
vlogg,VN2,474,296,103,64,False,False,True,False,Grandmaster
XLR8,6319,396,440,94,56,False,False,True,False,Grandmaster
Cho XIn Tý Huyết,VN2,47,237,95,61,False,False,True,False,Grandmaster
tftiseasy,00000,66,377,84,52,False,False,True,True,Grandmaster
DorR1K,1807,5,246,93,63,False,False,True,False,Grandmaster
ThắnG XH,VN2,328,268,138,105,False,False,True,True,Grandmaster
EBodyQ,1704,512,376,185,147,False,False,True,True,Grandmaster
Perlemerhiver,1512,234,340,131,107,False,False,True,True,Grandmaster
IT forrever,234,511,280,212,180,False,False,True,False,Grandmaster
Sovel,3011,1,300,128,103,False,False,True,False,Grandmaster
JuUn,5368,165,300,114,80,False,False,False,False,Grandmaster
Rouge,Giang,551,509,176,147,False,False,True,False,Grandmaster
no cap on god,VN2,523,256,74,52,False,False,False,False,Grandmaster
OPG Fiora,1769,1,496,67,36,False,False,True,True,Grandmaster
VinaBaeSuzy,nana,107,303,123,94,False,False,True,False,Grandmaster
Av Shu,Shu23,502,436,111,84,False,False,True,False,Grandmaster
Mordred,7244,563,319,108,77,False,False,True,False,Grandmaster
fast shot,VN2,606,238,161,141,False,False,True,False,Grandmaster
2597 is me,2597,563,344,155,135,False,False,True,False,Grandmaster
Wang Churan,1104,324,318,239,208,False,False,True,False,Grandmaster
Shacombank,6789,497,464,171,131,True,False,False,True,Grandmaster
BobbyC,37NA,151,297,185,155,False,False,True,False,Grandmaster
My2304,23401,516,335,196,149,True,False,False,False,Grandmaster
Tiểu Long Nữ,HCE,675,245,122,93,False,False,True,False,Grandmaster
Ú Hú,1810,813,458,221,204,False,False,True,False,Grandmaster
LD3010,4142,1,402,207,158,False,False,True,False,Grandmaster
Starlander,8304,72,258,89,48,False,False,True,True,Grandmaster
qdai,2412,276,423,134,98,False,False,True,False,Grandmaster
MeiMei1699,6715,577,303,107,79,False,False,True,False,Grandmaster
Иight Fury,0208,37,375,107,84,False,False,True,False,Grandmaster
Na Na Tình,2005,368,249,107,81,False,False,True,False,Grandmaster
duogii,Trang,1,295,147,127,False,False,True,False,Grandmaster
Rouki,22012,484,296,115,71,False,False,True,False,Grandmaster
Choncc,29603,280,271,233,197,False,False,True,False,Grandmaster
success1,1612,437,380,151,124,False,False,True,False,Grandmaster
1 NIỆM ,VN2,10,325,96,67,False,False,True,False,Grandmaster
Kassadin CầuGiấy,VN2,161,302,227,178,False,False,True,False,Grandmaster
Just Tô Py,2505,499,256,72,36,False,False,True,True,Grandmaster
Hauitft,2308,2,233,133,94,False,False,True,False,Grandmaster
Quang Linh Dz,8747,2,250,145,108,False,False,True,False,Grandmaster
1 Tay Thách Đấu,123,49,323,152,111,False,False,True,False,Grandmaster
Hi Iam Gokiin,Gokin,269,453,120,86,False,False,False,True,Grandmaster
howll,7449,282,502,131,90,False,False,True,True,Grandmaster
oẳn oẳn đại tiên,bap,298,273,181,152,False,False,True,False,Grandmaster
phong1ee,tft,196,249,112,73,False,False,True,False,Grandmaster
Lực áp Áp lực,VN2,243,260,155,141,False,False,True,False,Grandmaster
Te1k,1018,118,335,127,89,False,False,False,False,Grandmaster
Rio M,RioM,283,351,138,94,False,False,False,False,Grandmaster
YÊU DIỆU LINH,VN2,464,386,229,207,False,False,True,False,Grandmaster
Pussifer,VN2,434,330,329,278,False,False,True,False,Grandmaster
Amur,1997,287,237,146,104,False,False,True,False,Grandmaster
Pringles,4598,342,346,110,80,False,False,True,False,Grandmaster
TDRS Zeroblood,VN2,2,330,94,65,False,False,True,False,Grandmaster
i still here 4 u,20110,431,285,109,72,False,False,True,True,Grandmaster
Hải xinh xắn,7731,48,384,119,79,False,False,True,True,Grandmaster
Band of the Hawk,Juex,8,251,128,93,False,False,True,True,Grandmaster
nghịch thôi,1998,796,247,123,94,False,False,True,False,Grandmaster
Kie,non,389,232,237,214,False,False,True,False,Grandmaster
Kiroki,7428,406,458,142,122,False,False,True,False,Grandmaster
Maestra Nequitia,3010,489,315,71,38,False,False,True,False,Grandmaster
H 22 1 14 H,918,299,412,107,73,False,False,False,True,Grandmaster
Đình Hải,HnZ,531,408,110,79,False,False,False,False,Grandmaster
Khóc ÁC,VN2,44,284,244,205,False,False,True,False,Grandmaster
An Toàn Là Bạn,1994,261,379,162,107,False,False,True,False,Grandmaster
Dumbooo,VN2,1,278,137,114,False,False,True,False,Grandmaster
VinCenZo91,1991,159,283,162,133,False,False,True,False,Grandmaster
Lizz,212,44,340,160,128,False,False,False,False,Grandmaster
Sly,2110,139,287,151,139,False,False,True,False,Grandmaster
0306191329,12345,4,351,217,189,False,False,True,True,Grandmaster
Mwa,Reinn,639,409,121,92,False,False,False,True,Grandmaster
SamsonDinh,3920,2,508,179,153,False,False,True,True,Grandmaster
ducanh,2001,358,313,130,109,False,False,True,True,Grandmaster
Mây Lang Thang,May26,8,251,111,92,False,False,True,False,Grandmaster
Mieoooww,0509,65,355,93,48,False,False,True,False,Grandmaster
Nhà có bé Dâu,ha1ku,490,415,144,108,False,False,True,False,Grandmaster
D Shinn,1314,408,403,93,66,False,False,True,True,Grandmaster
uinnn,5501,324,276,150,117,False,False,True,False,Grandmaster
Sinh Tố Tàu Hủ,VN2,304,345,164,142,False,False,True,False,Grandmaster
DucCu2,VN2,21,318,129,90,False,False,True,True,Grandmaster
19888002,VN2,7,232,127,105,False,False,True,False,Grandmaster
Quốc Gạo,1411,557,325,104,69,False,False,True,False,Grandmaster
Coin Cardd,3107,174,338,249,228,False,False,True,False,Grandmaster
DucCuong,0303,453,394,184,149,True,False,False,False,Grandmaster
NX Gnut,tung,569,403,198,154,False,False,False,True,Grandmaster
P a o,0206,746,249,78,43,False,False,True,True,Grandmaster
Flamingo,VN2,144,307,104,73,False,False,True,True,Grandmaster
Sóc Thách Đấu,4703,1,322,102,72,False,False,True,False,Grandmaster
BLN Kính Tâm Ma,VN2,173,254,174,140,False,False,True,True,Grandmaster
duonguyen947,solo,61,459,268,255,False,False,True,False,Grandmaster
ZMạnh QuyếtZ,VN2,297,424,144,105,False,False,True,False,Grandmaster
Magic,25499,286,510,119,80,False,False,True,True,Grandmaster
Menghardthachdau,VN2,358,292,118,90,False,False,True,True,Grandmaster
SylasWhoRemains,2709,446,420,134,101,False,False,False,False,Grandmaster
No chance 4 you,VN2,721,379,120,90,False,False,False,False,Grandmaster
N Cá ,VN2,1,233,157,115,False,False,True,True,Grandmaster
Denj1,VN2,8,359,157,119,False,False,True,False,Grandmaster
Gió,HP96,747,258,192,165,False,False,False,False,Grandmaster
Chirhuy,9999,367,257,141,101,False,False,True,False,Grandmaster
T U A N,7461,332,483,192,168,False,False,True,True,Grandmaster
Thủy hoa tiên tử,1010,360,350,143,114,False,False,True,True,Grandmaster
3We Khát Nước,VN2,158,369,223,171,False,False,True,False,Grandmaster
L596,A9636,1,436,169,119,False,False,True,True,Grandmaster
Remenberme,VN2,475,453,119,97,False,False,True,False,Grandmaster
nurTg,h1p,349,295,153,122,False,False,True,True,Grandmaster
A Chì Vũ Ngoại,VN2,45,271,195,150,False,False,True,True,Grandmaster
VNC Tuấn,VN2,404,387,103,60,False,False,True,True,Grandmaster
bruyden,9320,2,452,297,258,False,False,True,False,Grandmaster
Quânprobuil1,12345,1,235,131,106,False,False,True,False,Grandmaster
Head vô Tree,2727,323,439,143,117,False,False,True,True,Grandmaster
Tôi sẽ trở lại,3138,266,428,134,98,False,False,True,False,Grandmaster
Vũng Thành Tro,LAvn,133,512,106,74,False,False,True,False,Grandmaster
Dũng Con,11198,1,240,191,173,False,False,True,False,Grandmaster
nho mot nguoi,xxxx,583,385,88,57,False,False,True,False,Grandmaster
Đạt La,VN2,42,282,114,88,False,False,False,False,Grandmaster
Løgan,1908,41,460,154,120,False,False,False,True,Grandmaster
Mỹ NèNé Hộ,VN2,489,304,160,125,False,False,True,False,Grandmaster
mimic,8991,865,433,173,119,False,False,False,True,Grandmaster
YennieS2Mya,Mya,210,362,153,122,False,False,True,False,Grandmaster
Sang Kensi,VIE,128,408,99,67,False,False,True,False,Grandmaster
P1NK1,1102,2,285,151,117,False,False,True,False,Grandmaster
Haise漢字,2312,512,269,132,96,False,False,True,True,Grandmaster
chanhpham2305,cp235,51,312,95,63,False,False,True,False,Grandmaster
1 Phút Suy 4,2212,217,284,141,106,False,False,True,False,Grandmaster
linh,9792,263,361,153,131,False,False,True,False,Grandmaster
Lì Có Tiếng,VN2,382,373,139,112,False,False,True,False,Grandmaster
SF Hữu Thiện,2312,74,284,237,202,False,False,True,False,Grandmaster
WukongAce,GenV,470,454,95,55,False,False,True,False,Grandmaster
Xã Xệ péo Ú,2908,260,255,116,83,False,False,True,False,Grandmaster
NVT04,tuan,478,508,132,91,False,False,True,False,Grandmaster
Bên Tầng Mây ,VN2,484,326,175,126,False,False,True,False,Grandmaster
fanboi CúcTịnhY,dat38,351,375,116,88,False,False,False,False,Grandmaster
GG Leader Vũ Ca,VN2,78,242,105,72,False,False,True,False,Grandmaster
KOQ Valor,1392,549,407,128,98,False,False,True,False,Grandmaster
Xuan Na,VN2,37,342,265,250,False,False,True,False,Grandmaster
181585,18158,2,345,151,113,False,False,True,True,Grandmaster
Hide on bush,Riel,120,322,117,89,False,False,True,False,Grandmaster
LK 4,4444,209,276,95,57,False,False,True,False,Grandmaster
1201200425012004,12354,308,372,80,37,False,False,True,True,Grandmaster
Tiểu Ngạc,2142,177,274,81,64,False,False,True,False,Grandmaster
El Mango,1809,475,359,119,89,False,False,False,False,Grandmaster
Nahida i da bét,3109,336,279,199,144,False,False,True,True,Grandmaster
LLTF,LLTF,1,374,194,175,False,False,True,False,Grandmaster
BinBungBu,Bin,488,361,108,88,False,False,True,True,Grandmaster
TĐT Träi Họ Tốñg,VN2,294,309,73,52,False,False,True,True,Grandmaster
Lies Of Q,vnq,225,275,136,111,False,False,True,False,Grandmaster
Game quây tôi vc,NTC,514,468,185,155,False,False,True,False,Grandmaster
Tino,6789,3,260,116,67,False,False,True,True,Grandmaster
fizzfucc,65432,444,448,134,106,False,False,True,False,Grandmaster
lap trinh vien,xion,187,361,133,94,False,False,True,False,Grandmaster
nguoi dep kten,vt201,603,358,122,98,False,False,True,False,Grandmaster
Pakana,phong,515,401,122,80,False,False,True,False,Grandmaster
TDungx,2004,2,237,109,71,False,False,True,True,Grandmaster
Út Khắc Cà Mau,2k2,234,320,163,129,False,False,False,False,Grandmaster
2206,Tiến,195,317,71,38,False,False,False,True,Grandmaster
HồngMiêu si tình,0507,119,435,100,42,False,False,True,False,Grandmaster
Song Joong Dũng,9586,256,397,93,63,False,False,False,False,Grandmaster
vietdegoodkid,1508,466,269,89,59,False,False,True,False,Grandmaster
Đời Đéo Đẹp,0512,352,412,192,167,False,False,True,False,Grandmaster
time to chill GG,2024,315,239,167,140,False,False,True,True,Grandmaster
MissForTung,TUNG,920,235,157,145,False,False,True,True,Grandmaster
QUANUDK,VN2,2,310,144,115,False,False,True,False,Grandmaster
ROKAN       CYL,VN2,43,338,140,97,False,False,True,True,Grandmaster
Không Phải Tino,Tino,240,334,146,131,False,False,True,False,Grandmaster
173 7,zin,413,341,133,96,False,False,True,False,Grandmaster
Nhothachdau999,1804,94,311,97,75,False,False,True,False,Grandmaster
Súnn,Black,418,319,108,77,False,False,False,False,Grandmaster
QuynhDat,HCMUT,290,502,134,99,False,False,True,False,Grandmaster
huyta,1509,383,470,87,76,False,False,True,False,Grandmaster
Kuroko Tetsuya,Kuro,104,314,192,165,False,False,True,False,Grandmaster
Lai11,VN2,1,424,131,92,False,False,True,False,Grandmaster
Pai idol,5056,1,411,81,38,False,False,True,False,Grandmaster
J l N N,9981,363,454,125,91,False,False,True,False,Grandmaster
19  05  1991,Louis,305,380,230,205,False,False,True,False,Grandmaster
Em Bé Sweetie,nvp,668,504,69,41,False,False,True,True,Grandmaster
Bẳm Bảnh Boyy,VN2,273,270,119,79,False,False,True,False,Grandmaster
Light Of The Sun,2595,469,319,141,107,False,False,True,False,Grandmaster
Tên Gấu,DKNY,609,447,167,149,False,False,True,False,Grandmaster
Knight,KN15,361,234,98,68,False,False,True,False,Grandmaster
Cloudyyyyyyyy,1006,21,233,206,181,True,False,False,False,Grandmaster
trunq,9999,641,387,129,108,False,False,True,False,Grandmaster
KevinDarkness,VN2,436,466,128,92,False,False,False,False,Grandmaster
nguyet556,VN2,96,339,148,113,False,False,True,False,Grandmaster
Sochymok,2401,181,264,100,74,False,False,True,False,Grandmaster
tamlausan,VN2,2,344,157,115,False,False,True,False,Grandmaster
Mid 74,mid74,309,497,123,92,False,False,True,False,Grandmaster
Tiến Ko Lùi,24107,17,365,119,91,False,False,True,False,Grandmaster
ˆºˆ Minhh ˇºˇ,ˆMunˆ,219,251,95,75,False,False,False,False,Grandmaster
nuocmamtoiot,2504,347,275,158,130,False,False,True,False,Grandmaster
CóNgYthìđổitên,VN2,490,237,142,95,False,False,True,False,Grandmaster
Hắc Vũ,263,200,396,135,109,False,False,True,False,Grandmaster
29S7 Kizd,3003,344,246,172,133,False,False,True,True,Grandmaster
Amumu,4194,249,372,129,111,True,False,False,False,Grandmaster
Em Cãi Như Ranh,VN2,346,437,113,69,False,False,True,True,Grandmaster
captainlbear,553,507,253,108,84,False,False,True,False,Grandmaster
nqminh,2505,188,332,111,81,False,False,False,False,Grandmaster
Khánh Hwg,Nob29,346,258,101,76,False,False,True,False,Grandmaster
CallmeHueng,1708,398,383,124,94,False,False,True,False,Grandmaster
Narowacez,ron,528,278,183,169,False,False,True,True,Grandmaster
Phước Nquyễn,88888,523,250,161,140,False,False,True,False,Grandmaster
Stand Up,1234,1,394,143,108,False,False,True,False,Grandmaster
iu hnphuongthuy,1203,308,306,125,106,False,False,True,False,Grandmaster
c0ngiudoiten,2201,921,236,142,113,False,False,True,True,Grandmaster
Ơi Bố Đây 1,VN2,123,267,187,172,False,False,True,False,Grandmaster
Saturn,HCMUT,427,250,132,127,False,False,True,True,Grandmaster
Công Minh,14798,136,323,217,165,False,False,True,False,Grandmaster
PhuocLee,1410,325,372,194,174,False,False,True,False,Grandmaster
Bắc Minh Hữu Ngư,lovet,218,512,72,47,False,False,True,False,Grandmaster
lost,3110,527,246,137,94,False,False,True,False,Grandmaster
TOMO SON PHAM,VN2,493,248,121,105,False,False,True,True,Grandmaster
cauda,99999,348,491,262,222,False,False,True,False,Grandmaster
ahridamdang,0410,485,362,162,135,False,False,False,False,Grandmaster
VitaminRedDog,0805,110,391,107,86,False,False,True,False,Grandmaster
VN Dũng1,TD02,49,269,163,129,False,False,True,True,Grandmaster
Jkofiend,Trung,322,500,103,58,False,False,True,False,Grandmaster
JayDee,1509,375,350,186,161,False,False,True,False,Grandmaster
My Lil Blossom,1368,388,372,111,83,False,False,True,False,Grandmaster
SKT  Elora,2676,416,242,240,219,False,False,False,False,Grandmaster
Chỉ đánh miss4,td123,677,240,134,110,False,False,True,False,Grandmaster
Ma zuong combat,Mzcb,1,455,83,49,False,False,True,False,Grandmaster
Its Not Over Yet,3920,569,304,69,48,False,False,True,False,Grandmaster
minhnhat,1204,1,288,117,86,False,False,False,False,Grandmaster
Đại,2004,472,281,128,107,False,False,True,False,Grandmaster
工作 Is my life,8001,1,234,125,98,False,False,True,False,Grandmaster
just RG,1997,380,497,125,100,False,False,True,False,Grandmaster
Hòa Pro Vestion,1402,3,428,189,169,False,False,False,True,Grandmaster
HLG PhươngThủĐô,1321,309,389,111,74,False,False,False,False,Grandmaster
mercury,nam,330,361,135,112,False,False,True,False,Grandmaster
Huanmie Tới Chơi,1802,328,416,155,117,False,False,True,False,Grandmaster
Hàng chờ Paradol,VN2,542,324,132,99,False,False,True,False,Grandmaster
Nier Masterpiece,TGR2,1,247,103,67,False,False,True,True,Grandmaster
AnDuy right hand,1412,54,510,129,89,False,False,True,False,Grandmaster
FBA Fan YANHU,VN2,24,330,125,102,False,False,False,False,Grandmaster
BaeNorthSbSOS,51801,458,238,68,42,False,False,True,True,Grandmaster
Vua Về Nhì,1811,145,413,152,112,False,False,True,False,Grandmaster
yêu Hà Thị Nhung,123,62,235,205,169,False,False,True,False,Grandmaster
Em Huy Máu Lạnh,0203,185,426,103,67,False,False,True,False,Grandmaster
VN Dylan,1604,373,426,128,85,False,False,True,False,Grandmaster
Beamer,48690,720,274,144,112,False,False,True,False,Grandmaster
Ước mơ năm 17t,00001,539,286,150,124,False,False,True,True,Grandmaster
Melis,a03,426,309,160,141,False,False,True,True,Grandmaster
On Eun Yu,wtmls,86,257,78,39,False,False,True,True,Grandmaster
JJY,KIKU,268,505,119,83,False,False,True,True,Grandmaster
Mocking Bird,2511,614,295,149,122,False,False,True,False,Grandmaster
Hình bóng của em,VN2,985,279,243,221,False,False,True,False,Grandmaster
Loong,190,453,336,236,189,False,False,True,False,Grandmaster
ulik i afternoon,2111,1,302,228,185,True,False,False,False,Grandmaster
Cường Bể,VN225,361,239,100,69,False,False,True,False,Grandmaster
NămThángVôĐịnh,VN2,678,320,138,113,False,False,False,False,Grandmaster
Xăm Mông Trái,000,608,282,115,74,False,False,True,False,Grandmaster
Hoàng Ca Ca,277,6,486,248,215,False,False,True,False,Grandmaster
SeVall,VN2,119,445,162,134,False,False,True,False,Grandmaster
K98h662,5677,1,353,63,23,False,False,True,True,Grandmaster
llıllı ılı ıllıl,23603,355,268,191,174,False,False,True,True,Grandmaster
TSC21,VN2,1,281,86,46,False,False,True,False,Grandmaster
tehn,2202,297,496,129,114,False,False,False,False,Grandmaster
T 04 11 26,2611,167,308,127,88,False,False,True,False,Grandmaster
NhiChip,VN2,117,319,124,103,False,False,True,False,Grandmaster
WWE Orton,1879,216,449,250,225,False,False,True,False,Grandmaster
saber2k,0801,578,389,180,152,False,False,True,False,Grandmaster
Huanmie,VN200,21,241,212,175,False,False,True,False,Grandmaster
Suzume,Dung,765,392,223,188,False,False,True,False,Grandmaster
Huymini0409,VN2,16,266,81,58,False,False,True,True,Grandmaster
Heo Is My Life,VN2,234,248,140,90,False,False,True,True,Grandmaster
宁666,666,216,319,202,171,False,False,True,False,Grandmaster
yyy,VN2,2,338,125,81,False,False,True,False,Grandmaster
VuQuan,VN2,420,333,256,242,False,False,True,False,Grandmaster
NhânSinhNhưMộng,12321,2,264,235,217,False,False,True,False,Grandmaster
titoo,2609,371,265,164,134,False,False,True,False,Grandmaster
FAPtvNi,VN2,64,249,233,193,False,False,True,False,Grandmaster
huY Ngo4y DzZz ,VN2,9,253,109,78,False,False,True,False,Grandmaster
Bé Huyền iu dấu,2003,221,285,174,143,False,False,True,False,Grandmaster
Thành,8131,228,469,149,110,False,False,True,False,Grandmaster
khánh trầm tính,1121,480,336,122,90,False,False,True,False,Grandmaster
trần văn phong,VN200,272,437,135,111,False,False,False,True,Grandmaster
Apricot Nam,2003,261,318,182,154,False,False,True,False,Grandmaster
AnAnMia,2000,514,258,68,39,False,False,True,False,Grandmaster
Shine Lầm,0000,2,303,138,110,False,False,True,False,Grandmaster
Pank Han Byuf,1810,1,259,53,24,False,False,True,False,Grandmaster
Huânn,123,1,257,155,140,False,False,True,False,Grandmaster
s4n33,luv u,228,291,150,118,False,False,False,False,Grandmaster
TFT 369,TFT,38,511,110,93,False,False,True,True,Grandmaster
nghịch,4610,281,267,149,117,False,False,True,False,Grandmaster
Em Si Cay,Si3,47,317,107,87,False,False,True,True,Grandmaster
1234,manh,1,364,155,120,False,False,True,False,Grandmaster
captain pengu,254,575,275,97,75,False,False,True,True,Grandmaster
Thợ Thầy Nasus,VN2,264,408,271,231,False,False,True,False,Grandmaster
Daniel Le,hehe,227,505,124,87,False,False,True,True,Grandmaster
Acuris,daiia,360,288,130,105,False,False,True,True,Grandmaster
Việt Ú Ụ Ù U,2000,53,293,96,55,False,False,False,False,Grandmaster
T1 RAD B,RadB,248,341,171,123,False,False,True,False,Grandmaster
Thànhh bé tí,9562,503,316,207,199,False,False,True,False,Grandmaster
LinhNhi23,1504,1,317,171,130,False,False,True,False,Grandmaster
HNB Teddy,8888,84,268,137,105,False,False,True,False,Grandmaster
SimulatorNomis,VN2,571,311,146,114,False,False,True,False,Grandmaster
小风很帅,kev1n,173,349,103,60,False,False,True,True,Grandmaster
PainZephyr,Pain,207,439,187,162,False,False,True,True,Grandmaster
ping 35 sao choi,VN2,2,268,79,63,False,False,True,True,Grandmaster
huy cao11,VN2,59,418,91,49,False,False,False,False,Grandmaster
Nikate,7777,198,242,95,57,False,False,True,False,Grandmaster
TTN Kennn,VN2,19,375,113,91,False,False,True,False,Grandmaster
Vinhcrkh1999,VN2,24,259,83,51,False,False,True,False,Grandmaster
tool nek ok,linh,343,250,131,95,False,False,True,True,Grandmaster
CodyWade,2001,391,353,99,80,False,False,False,False,Grandmaster
NgườiRàTrơiGame,VN2,188,379,161,121,False,False,False,True,Grandmaster
Hồn Thiên Đế,cường,418,277,169,128,False,False,True,False,Grandmaster
7D challenge TFT,VN2,129,252,311,310,False,False,True,False,Grandmaster
Ezreal Không Ngu,1199,828,309,214,202,False,False,True,False,Grandmaster
BigEyes,20079,1,327,128,98,False,False,True,True,Grandmaster
con ech,vne,772,455,91,59,False,False,True,True,Grandmaster
ChiếcCặc Kì Diệu,VN2,76,433,267,224,False,False,True,False,Grandmaster
Lính cứu hỏa,9444,445,400,245,198,False,False,True,True,Grandmaster
dawgprov1p,0910,81,357,233,187,False,False,True,False,Grandmaster
dripking,VN2,178,401,216,196,False,False,False,False,Grandmaster
Dthieuu,0208,647,234,177,146,False,False,True,False,Grandmaster
Ken Và Sữa,VN2,363,331,233,182,False,False,True,False,Grandmaster
bờm1,1811,897,337,130,113,False,False,True,False,Grandmaster
Kim Jennie,VN1,480,336,128,109,False,False,False,False,Grandmaster
Hưng Ko Sú,1999,146,507,144,112,False,False,True,True,Grandmaster
queen gambit1,VN2,1,413,188,152,True,False,True,True,Grandmaster
Cobham Boy,Biao,84,359,125,118,False,False,True,False,Grandmaster
NhânDê,0403,50,310,102,64,False,False,True,True,Grandmaster
Khó cho Lobby,Rint,1,260,99,57,False,False,True,True,Grandmaster
Łµcífer,VN2,301,258,138,105,False,False,True,True,Grandmaster
16 Năm HSG,nnhoa,384,236,154,125,False,False,False,False,Grandmaster
VN NVK,91200,32,435,130,84,False,False,True,False,Grandmaster
V1nny1,19104,17,371,154,122,False,False,True,False,Grandmaster
KaiwaiiSa,3718,903,336,97,52,False,False,True,False,Grandmaster
EQG1004,3833,34,418,178,140,False,False,True,True,Grandmaster
ÁkWỹ95 Mid,1995,397,309,111,88,False,False,True,False,Grandmaster
zCTKzCAPRICORN,1912,248,243,129,97,False,False,True,True,Grandmaster
2BoomPháo1,VN2,1,248,91,61,False,False,True,False,Grandmaster
MÙA NÀY TĐ,2002,568,271,116,72,False,False,True,True,Grandmaster
k 1 so ho,yahsu,495,365,95,42,False,False,True,False,Grandmaster
LTC Hay Dỗi ,VN2,75,433,129,84,False,False,True,False,Grandmaster
Neoo1,VN2,486,381,116,106,False,False,True,True,Grandmaster
Chưa Tàii Đâuu,VN2,277,300,123,81,False,False,True,True,Grandmaster
Singed Choi,12321,465,266,150,112,False,False,True,True,Grandmaster
Khánh đz vcl,666,127,365,99,74,False,False,True,False,Grandmaster
15071999,VN2,279,444,209,172,False,False,True,False,Grandmaster
TríKhánh,1810,544,247,174,147,False,False,False,False,Grandmaster
Tùng bé,6789,251,259,157,120,False,False,True,True,Grandmaster
T1 Nidrim 2k,2110,137,257,121,86,False,False,True,True,Grandmaster
Không Phải Alexx,1809,5,505,186,161,False,False,True,False,Grandmaster
1Plus2Nana,VN3,415,497,121,92,False,False,True,False,Grandmaster
onlyngmyanna,6944,276,290,83,54,False,False,True,True,Grandmaster
valen,9526,47,334,157,131,False,False,True,True,Grandmaster
NamBom,1711,587,369,98,57,False,False,False,True,Grandmaster
nút D bị lờn,2317,24,278,194,151,False,False,True,False,Grandmaster
Sknovaez,4124,180,388,229,222,False,False,True,False,Grandmaster
bi long1,6394,91,352,127,103,False,False,True,False,Grandmaster
tuansaker,2503,384,487,133,89,False,False,True,True,Grandmaster
ho con ciuciu,VN2,78,464,151,85,False,False,True,True,Grandmaster
Jayce Tơ Hồng,uzui,173,255,123,102,False,False,True,False,Grandmaster
Chill chiu,VN2,112,254,97,71,False,False,True,False,Grandmaster
ConBòĐiĂnCỏ,235,642,342,158,131,False,False,True,False,Grandmaster
Charlotte,25021,419,430,166,122,False,False,False,True,Grandmaster
qtnamm,1112,2,231,97,81,False,False,True,False,Grandmaster
luge293,WBH,639,312,83,60,False,False,True,True,Grandmaster
nhangu,VN2,5,314,147,104,False,False,True,True,Grandmaster
Linn Đi Mưaaa,Linn,10,334,152,140,False,False,True,False,Grandmaster
Sagamy,Ino,1,295,138,102,False,False,True,False,Grandmaster
Nút D Độ Sang,3958,24,237,129,104,False,False,True,False,Grandmaster
Thỏ Meöw Meöw,1928,249,265,123,107,False,False,True,False,Grandmaster
HoangBuii,2710,42,266,108,80,False,False,True,True,Grandmaster
C4N,1234,281,304,88,50,False,False,True,True,Grandmaster
VIE Wonka,2598,325,513,90,58,False,False,True,False,Grandmaster
Natsuiro,VN2,399,379,127,91,False,False,True,False,Grandmaster
Chủ Lò Gạo,2471,717,231,67,36,False,False,True,True,Grandmaster
namlovehuong,3107,552,309,113,78,False,False,False,False,Grandmaster
VN Dor1s,E9pro,71,508,137,97,False,False,True,False,Grandmaster
LEGION7PRO,VN2,215,364,118,93,False,False,True,False,Grandmaster
Đô Hoàng,2002,258,419,138,103,False,False,True,False,Grandmaster
Ha1 Huynh,12345,146,233,208,190,False,False,True,False,Grandmaster
TK14 Phối XD,VN2,453,302,98,76,False,False,True,True,Grandmaster
Top God,8666,538,236,184,139,False,False,True,False,Grandmaster
Tí Hớt Tiu,2080,264,305,72,49,False,False,True,False,Grandmaster
Cửu Ngủ Gật,0209,968,264,74,51,False,False,True,False,Grandmaster
Tun,1102,609,471,176,145,False,False,True,False,Grandmaster
lamqkdo,9217,443,255,185,146,False,False,True,False,Grandmaster
kakaOT,0128,398,293,151,119,False,False,True,False,Grandmaster
Bae Suzy,18012,744,293,157,124,False,False,True,True,Grandmaster
henhpropd,9262,85,444,108,80,False,False,True,False,Grandmaster
Ben ZeRo,5745,1,478,162,81,False,False,True,False,Grandmaster
Love and Hate,girls,122,503,117,93,False,False,True,True,Grandmaster
popdragonquest,2805,95,378,77,50,False,False,True,False,Grandmaster
Flex 4 Tiền,1031,291,243,101,81,False,False,True,True,Grandmaster
DoUKnowUrFather,2411,732,365,299,256,True,False,False,False,Grandmaster
dung iu nu,1508,110,464,89,53,False,False,True,True,Grandmaster
HoaItrinhBaO,VN2,612,231,108,69,False,False,True,False,Grandmaster
chuchimbeti,VNM,208,237,98,70,False,False,False,False,Grandmaster
T1NK,2001,132,293,106,65,False,False,True,False,Grandmaster
Yoon4,2759,243,250,88,54,False,False,True,False,Grandmaster
28 09 19 91 HA,VN2,19,231,124,98,False,False,False,False,Grandmaster
minhpp,0509,506,413,166,140,False,False,True,False,Grandmaster
Bác Công,VN2,57,453,173,131,False,False,True,False,Grandmaster
cún siêu nhân,5380,64,246,123,82,False,False,True,False,Grandmaster
bhgxgdthtd,5233,24,272,229,207,True,False,False,False,Grandmaster
AOF Yosshino,2608,547,367,162,131,False,False,True,False,Grandmaster
Bỏ Bạn Chạy Luôn,VN2,492,244,184,154,False,False,True,False,Grandmaster
Im35,VN2,2,256,131,90,False,False,True,True,Grandmaster
Raion,3007,656,426,147,114,False,False,False,True,Grandmaster
hehehe,6840,114,281,103,79,False,False,True,False,Grandmaster
Gnuttt,Tung,147,251,127,95,False,False,True,False,Grandmaster
jk12061997123456,12345,26,314,193,153,False,False,True,False,Grandmaster
Ronda,16127,148,261,117,90,False,False,True,False,Grandmaster
VoG丶Ginnn,6015,84,306,176,137,True,False,False,False,Grandmaster
Ba Trà Cú,2000,241,258,186,150,False,False,True,False,Grandmaster
Risina,nat11,31,501,167,116,False,False,True,True,Grandmaster
Phút Đam Mê,VN2,207,325,142,97,False,False,True,False,Grandmaster
Anh WOLF,9676,601,506,139,121,False,False,True,False,Grandmaster
Yugimuto,1999,60,304,161,139,False,False,True,False,Grandmaster
TL x EnTiKayyyyy,4545,274,230,121,105,False,False,True,False,Grandmaster
PTHiếuu,NTNH,1191,253,238,214,False,False,True,True,Grandmaster
Duke,But,116,253,198,161,False,False,False,False,Grandmaster
Chanh Màu Vàng,8888,594,234,109,76,False,False,True,False,Grandmaster
đần vì ems,yag,2,346,177,133,False,False,True,False,Grandmaster
cool1296,1296,18,404,168,130,False,False,True,False,Grandmaster
Hứa Rồi Lại Quên,VN2,236,244,263,218,False,False,True,False,Grandmaster
Abaotucay,VN2,2,330,291,262,False,False,True,True,Grandmaster
Xuân Đông,VNM,203,241,125,87,False,False,True,True,Grandmaster
Winter,VN3,295,440,106,78,False,False,True,False,Grandmaster
SKT PHAN T1,6789,455,251,228,215,False,False,True,False,Grandmaster
waka waka ế ề ê,2212,72,283,159,126,False,False,True,False,Grandmaster
Sangad,5933,361,280,123,86,False,False,True,True,Grandmaster
giangngu77,VN2,17,361,128,102,False,False,True,False,Grandmaster
Lhbdwp,6505,44,391,144,106,False,False,True,False,Grandmaster
Ares,GENG,39,258,129,99,False,False,True,False,Grandmaster
Sumi hong có ngu,0912,884,443,130,90,False,False,True,True,Grandmaster
donlee,1602,181,432,230,196,False,False,True,False,Grandmaster
Tainangtre,2656,101,339,108,90,False,False,True,False,Grandmaster
Tuấn Nè,4514,192,412,176,149,False,False,True,True,Grandmaster
Lapp,Texas,602,267,124,104,False,False,False,False,Grandmaster
Ăn Chặn,VN2,317,280,150,135,False,False,True,True,Grandmaster
HònDeep,hòn,2,507,174,144,False,False,True,False,Grandmaster
KayuH,2308,560,344,150,133,False,False,True,False,Grandmaster
mr đần,8888,28,337,139,112,False,False,True,False,Grandmaster
đaky,2502,126,244,220,200,False,False,True,False,Grandmaster
duc12t2lvt,8596,7,233,102,80,False,False,True,True,Grandmaster
xinblu hoặc búcu,VN2,165,441,213,179,False,False,True,False,Grandmaster
Hạ cái tôi xuống,403,285,248,168,163,False,False,True,True,Grandmaster
Hnad,1701,1,253,135,119,False,False,True,True,Grandmaster
tulamduoc,5823,246,504,83,55,False,False,True,False,Grandmaster
tranminhman02,VN2,745,233,99,61,False,False,True,False,Grandmaster
Minjeongiee,0101,122,251,113,98,False,False,True,True,Grandmaster
sudangcap,dogz,19,327,110,77,False,False,True,False,Grandmaster
COM Chaos,2807,61,509,182,157,False,False,True,True,Grandmaster
Walrus,9915,124,314,92,68,False,False,True,False,Grandmaster
Minh Hiếu Lê,2011,329,252,190,176,False,False,True,False,Grandmaster
